----------------------------------------------
------------ DROPS ---------------------------
----------------------------------------------


BEGIN

FOR c IN (SELECT table_name FROM user_tables) LOOP
EXECUTE IMMEDIATE ('DROP TABLE "' || c.table_name || '" CASCADE CONSTRAINTS');
END LOOP;

FOR s IN (SELECT sequence_name FROM user_sequences) LOOP
EXECUTE IMMEDIATE ('DROP SEQUENCE ' || s.sequence_name);
END LOOP;

END;
/


------------------------------------------------------
--------- TABLES --------------------------------------
------------------------------------------------------

CREATE TABLE UNITA_ORG_ASTAGE
(
  CONTATORE             NUMBER                  NOT NULL,
  LIVELLO               NUMBER                  NOT NULL,
  ORGANIZATION_ID       NUMBER(15)              NOT NULL,
  NOME                  VARCHAR2(60 BYTE)       NOT NULL,
  NOME_ESTESO           VARCHAR2(400 BYTE)      NOT NULL,
  PROVINCIA             VARCHAR2(30 BYTE),
  REGIONE               VARCHAR2(30 BYTE),
  ORG_ID_LIV1           NUMBER(15),
  NOME_ORG_LIV1         VARCHAR2(60 BYTE),
  ORG_ID_LIV2           NUMBER(15),
  NOME_ORG_LIV2         VARCHAR2(60 BYTE),
  ORG_ID_LIV3           NUMBER(15),
  NOME_ORG_LIV3         VARCHAR2(60 BYTE),
  ORG_ID_LIV4           NUMBER(15),
  NOME_ORG_LIV4         VARCHAR2(60 BYTE),
  ORG_ID_LIV5           NUMBER(15),
  NOME_ORG_LIV5         VARCHAR2(60 BYTE),
  ORG_ID_LIV6           NUMBER(15),
  NOME_ORG_LIV6         VARCHAR2(60 BYTE),
  NOTE                  VARCHAR2(100 BYTE),
  CENTR_PERIF           VARCHAR2(1 BYTE),
  INIZIO_VALIDITA       DATE,
  FINE_VALIDITA         DATE,
  VERSIONE              NUMBER(38),
  UTENTE_INSERIMENTO    VARCHAR2(60 BYTE),
  DATA_INSERIMENTO      DATE,
  UTENTE_AGGIORNAMENTO  VARCHAR2(60 BYTE),
  DATA_AGGIORNAMENTO    DATE,
  FLAG_FISSO            VARCHAR2(1 BYTE)
)
LOGGING 
NOCOMPRESS 
NOCACHE
NOPARALLEL
MONITORING;


CREATE TABLE TIPO_PROVVEDIMENTO
(
  ID_TIPO_PROVVEDIMENTO  NUMBER(15)             NOT NULL,
  CODICE                 VARCHAR2(30 BYTE)      NOT NULL,
  DESCRIZIONE            VARCHAR2(240 BYTE)     NOT NULL,
  VERSIONE               INTEGER                NOT NULL,
  UTENTE_INSERIMENTO     VARCHAR2(60 BYTE)      NOT NULL,
  DATA_INSERIMENTO       DATE                   NOT NULL,
  UTENTE_AGGIORNAMENTO   VARCHAR2(60 BYTE)      NOT NULL,
  DATA_AGGIORNAMENTO     DATE                   NOT NULL
)
LOGGING 
NOCOMPRESS 
NOCACHE
NOPARALLEL
MONITORING;



CREATE TABLE STATO
(
  ID_STATO              NUMBER(15)              NOT NULL,
  TIPO                  VARCHAR2(30 BYTE)       NOT NULL,
  CODICE                VARCHAR2(30 BYTE)       NOT NULL,
  DESCRIZIONE           VARCHAR2(240 BYTE)      NOT NULL,
  VERSIONE              INTEGER                 NOT NULL,
  UTENTE_INSERIMENTO    VARCHAR2(60 BYTE)       NOT NULL,
  DATA_INSERIMENTO      DATE                    NOT NULL,
  UTENTE_AGGIORNAMENTO  VARCHAR2(60 BYTE)       NOT NULL,
  DATA_AGGIORNAMENTO    DATE                    NOT NULL
)
LOGGING 
NOCOMPRESS 
NOCACHE
NOPARALLEL
MONITORING;

COMMENT ON COLUMN STATO.TIPO IS 'P = Stato del Provvedimento, A = Stato dell''assegnazione';



CREATE TABLE ORGANO
(
  ID_ORGANO             NUMBER(15)              NOT NULL,
  DENOMINAZIONE         VARCHAR2(240 BYTE)      NOT NULL,
  DENOMINAZIONE_ESTESA  VARCHAR2(2000 BYTE),
  VERSIONE              INTEGER                 NOT NULL,
  UTENTE_INSERIMENTO    VARCHAR2(60 BYTE)       NOT NULL,
  DATA_INSERIMENTO      DATE                    NOT NULL,
  UTENTE_AGGIORNAMENTO  VARCHAR2(60 BYTE)       NOT NULL,
  DATA_AGGIORNAMENTO    DATE                    NOT NULL,
  FLAG_CONCERTANTE      VARCHAR2(1 BYTE)        DEFAULT 'N',
  ORGANIZATION_ID       NUMBER(15),
  FLAG_ATTIVO           VARCHAR2(1 BYTE)        DEFAULT 'S'                   NOT NULL
)
LOGGING 
NOCOMPRESS 
NOCACHE
NOPARALLEL
MONITORING;

COMMENT ON COLUMN ORGANO.FLAG_CONCERTANTE IS 'Indica se l''organo e'' concertante oppure no';



CREATE TABLE UTENTE
(
  ID_UTENTE             NUMBER(15)              NOT NULL,
  COGNOME               VARCHAR2(240 BYTE)      NOT NULL,
  NOME                  VARCHAR2(240 BYTE)      NOT NULL,
  CODICE_FISCALE        VARCHAR2(20 BYTE)       NOT NULL,
  EMAIL                 VARCHAR2(240 BYTE)      NOT NULL,
  FLAG_INT_EST          VARCHAR2(1 BYTE)        DEFAULT 'I',
  ID_ORGANO             NUMBER(15),
  ID_UTENTE_ASTAGE      NUMBER(15),
  VERSIONE              INTEGER                 NOT NULL,
  UTENTE_INSERIMENTO    VARCHAR2(60 BYTE)       NOT NULL,
  DATA_INSERIMENTO      DATE                    NOT NULL,
  UTENTE_AGGIORNAMENTO  VARCHAR2(60 BYTE)       NOT NULL,
  DATA_AGGIORNAMENTO    DATE                    NOT NULL,
  FLAG_ATTIVO           VARCHAR2(1 BYTE)        DEFAULT 'S'                   NOT NULL,
  SESSO                 VARCHAR2(1 BYTE),
  DATA_NASCITA          DATE
)
LOGGING 
NOCOMPRESS 
NOCACHE
NOPARALLEL
MONITORING;




CREATE TABLE NOTIFICA
(
  ID_NOTIFICA             NUMBER(15)            NOT NULL,
  ID_ORGANO_DESTINATARIO  NUMBER(15),
  ID_UTENTE_DESTINATARIO  NUMBER(15),
  ID_UTENTE_MITTORGANO    NUMBER(15)            NOT NULL,
  OGGETTO                 VARCHAR2(240 BYTE)    NOT NULL,
  TESTO                   VARCHAR2(4000 BYTE)   NOT NULL,
  LINK_OPERAZIONE         VARCHAR2(240 BYTE),
  FLAG_LETTURA            VARCHAR2(1 BYTE)      DEFAULT 'N',
  VERSIONE                INTEGER               NOT NULL,
  UTENTE_INSERIMENTO      VARCHAR2(60 BYTE)     NOT NULL,
  DATA_INSERIMENTO        DATE                  NOT NULL,
  UTENTE_AGGIORNAMENTO    VARCHAR2(60 BYTE)     NOT NULL,
  DATA_AGGIORNAMENTO      DATE                  NOT NULL,
  TIPO_NOTIFICA           VARCHAR2(1 BYTE)      DEFAULT 'I'                   NOT NULL,
  ID_UTENTE_OPERATORE     NUMBER(15)
)
LOGGING 
NOCOMPRESS 
NOCACHE
NOPARALLEL
MONITORING;



CREATE TABLE RUOLO
(
  ID_RUOLO              NUMBER(15)              NOT NULL,
  CODICE                VARCHAR2(60 BYTE)       NOT NULL,
  DESCRIZIONE           VARCHAR2(240 BYTE)      NOT NULL,
  VERSIONE              INTEGER                 NOT NULL,
  UTENTE_INSERIMENTO    VARCHAR2(60 BYTE)       NOT NULL,
  DATA_INSERIMENTO      DATE                    NOT NULL,
  UTENTE_AGGIORNAMENTO  VARCHAR2(60 BYTE)       NOT NULL,
  DATA_AGGIORNAMENTO    DATE                    NOT NULL
)
LOGGING 
NOCOMPRESS 
NOCACHE
NOPARALLEL
MONITORING;



CREATE TABLE RUOLO_UTENTE
(
  ID_RUOLO_UTENTE       NUMBER(15)              NOT NULL,
  ID_UTENTE             NUMBER(15)              NOT NULL,
  ID_RUOLO              NUMBER(15)              NOT NULL,
  VERSIONE              INTEGER                 NOT NULL,
  UTENTE_INSERIMENTO    VARCHAR2(60 BYTE)       NOT NULL,
  DATA_INSERIMENTO      DATE                    NOT NULL,
  UTENTE_AGGIORNAMENTO  VARCHAR2(60 BYTE)       NOT NULL,
  DATA_AGGIORNAMENTO    DATE                    NOT NULL
)
LOGGING 
NOCOMPRESS 
NOCACHE
NOPARALLEL
MONITORING;



CREATE TABLE FUNZIONE
(
  ID_FUNZIONE           NUMBER(15)              NOT NULL,
  DESCRIZIONE           VARCHAR2(240 BYTE),
  URL                   VARCHAR2(240 BYTE),
  FLG_LINKABLE          VARCHAR2(1 BYTE),
  VERSIONE              INTEGER                 NOT NULL,
  UTENTE_INSERIMENTO    VARCHAR2(60 BYTE)       NOT NULL,
  DATA_INSERIMENTO      DATE                    NOT NULL,
  UTENTE_AGGIORNAMENTO  VARCHAR2(60 BYTE)       NOT NULL,
  DATA_AGGIORNAMENTO    DATE                    NOT NULL
)
LOGGING 
NOCOMPRESS 
NOCACHE
NOPARALLEL
MONITORING;


CREATE TABLE MENU
(
  ID_MENU               NUMBER(15)              NOT NULL,
  DESCRIZIONE           VARCHAR2(240 BYTE)      NOT NULL,
  ID_PARENT_MENU        NUMBER(15),
  ID_FUNZIONE           NUMBER(15),
  ORDINAMENTO           NUMBER(15),
  VERSIONE              INTEGER                 NOT NULL,
  UTENTE_INSERIMENTO    VARCHAR2(60 BYTE)       NOT NULL,
  DATA_INSERIMENTO      DATE                    NOT NULL,
  UTENTE_AGGIORNAMENTO  VARCHAR2(60 BYTE)       NOT NULL,
  DATA_AGGIORNAMENTO    DATE                    NOT NULL
)
LOGGING 
NOCOMPRESS 
NOCACHE
NOPARALLEL
MONITORING;

CREATE TABLE RUOLO_FUNZIONE
(
  ID_RUOLO_FUNZIONE     NUMBER(15)              NOT NULL,
  ID_RUOLO              NUMBER(15)              NOT NULL,
  ID_FUNZIONE           NUMBER(15)              NOT NULL,
  VERSIONE              INTEGER                 NOT NULL,
  UTENTE_INSERIMENTO    VARCHAR2(60 BYTE)       NOT NULL,
  DATA_INSERIMENTO      DATE                    NOT NULL,
  UTENTE_AGGIORNAMENTO  VARCHAR2(60 BYTE)       NOT NULL,
  DATA_AGGIORNAMENTO    DATE                    NOT NULL
)
LOGGING 
NOCOMPRESS 
NOCACHE
NOPARALLEL
MONITORING;



CREATE TABLE STORICO
(
  TIPO_OPERAZIONE       VARCHAR2(240 BYTE)      NOT NULL,
  TIPO_ENTITA           VARCHAR2(240 BYTE)      NOT NULL,
  ID_ENTITA             NUMBER(15)              NOT NULL,
  ID_UTENTE_OPERAZIONE  NUMBER(15),
  DATA_OPERAZIONE       DATE,
  VERSIONE              INTEGER                 NOT NULL,
  UTENTE_INSERIMENTO    VARCHAR2(60 BYTE)       NOT NULL,
  DATA_INSERIMENTO      DATE                    NOT NULL,
  UTENTE_AGGIORNAMENTO  VARCHAR2(60 BYTE)       NOT NULL,
  DATA_AGGIORNAMENTO    DATE                    NOT NULL,
  ID_STORICO            NUMBER(15)
)
LOGGING 
NOCOMPRESS 
NOCACHE
NOPARALLEL
MONITORING;



CREATE TABLE GOVERNO
(
  ID_GOVERNO            NUMBER(15)              NOT NULL,
  DENOMINAZIONE         VARCHAR2(240 BYTE)      NOT NULL,
  VERSIONE              INTEGER,
  UTENTE_INSERIMENTO    VARCHAR2(60 BYTE),
  DATA_INSERIMENTO      DATE,
  UTENTE_AGGIORNAMENTO  VARCHAR2(60 BYTE),
  DATA_AGGIORNAMENTO    DATE
)
LOGGING 
NOCOMPRESS 
NOCACHE
NOPARALLEL
MONITORING;



CREATE TABLE TIPO_PROVV_DA_ADOTTARE
(
  ID_TIPO_PROVV_DA_ADOTTARE  NUMBER(15)         NOT NULL,
  DESCRIZIONE                VARCHAR2(240 BYTE) NOT NULL,
  VERSIONE                   INTEGER,
  UTENTE_INSERIMENTO         VARCHAR2(60 BYTE),
  DATA_INSERIMENTO           DATE,
  UTENTE_AGGIORNAMENTO       VARCHAR2(60 BYTE),
  DATA_AGGIORNAMENTO         DATE
)
LOGGING 
NOCOMPRESS 
NOCACHE
NOPARALLEL
MONITORING;


CREATE TABLE CONDIZIONE
(
  ID_CONDIZIONE         NUMBER(15)              NOT NULL,
  ELEMENTO              VARCHAR2(240 BYTE)      NOT NULL,
  TARGET                VARCHAR2(240 BYTE)      NOT NULL,
  ESPRESSIONE           VARCHAR2(500 BYTE)      NOT NULL,
  VERSIONE              INTEGER,
  UTENTE_INSERIMENTO    VARCHAR2(60 BYTE),
  DATA_INSERIMENTO      DATE,
  UTENTE_AGGIORNAMENTO  VARCHAR2(60 BYTE),
  DATA_AGGIORNAMENTO    DATE
)
LOGGING 
NOCOMPRESS 
NOCACHE
NOPARALLEL
MONITORING;


CREATE TABLE TIPO_ATTO
(
  ID_TIPO_ATTO          NUMBER(15),
  CODICE                VARCHAR2(30 BYTE),
  DESCRIZIONE           VARCHAR2(240 BYTE),
  VERSIONE              INTEGER                 DEFAULT 0,
  UTENTE_INSERIMENTO    VARCHAR2(60 BYTE),
  DATA_INSERIMENTO      DATE,
  UTENTE_AGGIORNAMENTO  VARCHAR2(60 BYTE),
  DATA_AGGIORNAMENTO    DATE
)
LOGGING 
NOCOMPRESS 
NOCACHE
NOPARALLEL
MONITORING;



CREATE TABLE TIPO_OPERAZIONE
(
  ID_TIPO_OPERAZIONE  NUMBER                    NOT NULL,
  DESCRIZIONE         VARCHAR2(200 BYTE)
)
LOGGING 
NOCOMPRESS 
NOCACHE
NOPARALLEL
MONITORING;


CREATE TABLE EMAIL_EXTRA
(
  ID_EMAIL_EXTRA        NUMBER(15),
  EMAIL_EXTRA           VARCHAR2(240 BYTE),
  VERSIONE              INTEGER,
  UTENTE_INSERIMENTO    VARCHAR2(60 BYTE),
  DATA_INSERIMENTO      DATE,
  UTENTE_AGGIORNAMENTO  VARCHAR2(60 BYTE),
  DATA_AGGIORNAMENTO    DATE
)
LOGGING 
NOCOMPRESS 
NOCACHE
NOPARALLEL
MONITORING;


CREATE TABLE PROVVEDIMENTO
(
  ID_PROVVEDIMENTO           NUMBER(15)         NOT NULL,
  FONTE_NORMATIVA            VARCHAR2(240 BYTE),
  ARTICOLO                   VARCHAR2(60 BYTE),
  COMMA                      VARCHAR2(60 BYTE),
  OGGETTO                    CLOB,
  PARERE                     VARCHAR2(4000 BYTE),
  ID_TIPO_PROVVEDIMENTO      NUMBER(15)         NOT NULL,
  TERMINE_SCADENZA           DATE,
  ID_STATO                   NUMBER(15),
  ID_ORGANO_INSERITORE       NUMBER(15),
  ID_ORGANO_CAPOFILA         NUMBER(15),
  VERSIONE                   INTEGER            NOT NULL,
  UTENTE_INSERIMENTO         VARCHAR2(60 BYTE)  NOT NULL,
  DATA_INSERIMENTO           DATE               NOT NULL,
  UTENTE_AGGIORNAMENTO       VARCHAR2(60 BYTE)  NOT NULL,
  DATA_AGGIORNAMENTO         DATE               NOT NULL,
  ID_ORGANO_CONCERTANTE      NUMBER(15),
  ID_GOVERNO                 NUMBER(15),
  ID_TIPO_PROVV_DA_ADOTTARE  NUMBER(15),
  DATA_ATTO                  DATE               NOT NULL,
  NUMERO_ATTO                VARCHAR2(60 BYTE)  NOT NULL,
  COLL_NORMATTIVA            VARCHAR2(200 BYTE) NOT NULL,
  NOTE_INTERNE               VARCHAR2(4000 BYTE),
  ID_TIPO_ATTO               NUMBER(15)
)
LOGGING 
NOCOMPRESS 
NOCACHE
NOPARALLEL
MONITORING;

CREATE TABLE ASSEGNAZIONE
(
  ID_ASSEGNAZIONE        NUMBER(15)             NOT NULL,
  ID_PROVVEDIMENTO       NUMBER(15),
  ID_ORGANO              NUMBER(15)             NOT NULL,
  ID_STATO               NUMBER(15)             NOT NULL,
  VERSIONE               INTEGER                NOT NULL,
  UTENTE_INSERIMENTO     VARCHAR2(60 BYTE)      NOT NULL,
  DATA_INSERIMENTO       DATE                   NOT NULL,
  UTENTE_AGGIORNAMENTO   VARCHAR2(60 BYTE)      NOT NULL,
  DATA_AGGIORNAMENTO     DATE                   NOT NULL,
  NUM_SOLLECITI          NUMBER(5)              DEFAULT 0,
  MOTIVAZIONE_RICHIESTA  CLOB,
  MOTIVAZIONE_RIFIUTO    CLOB
)
LOGGING 
NOCOMPRESS 
NOCACHE
NOPARALLEL
MONITORING;

CREATE TABLE NOTA
(
  ID_NOTA               NUMBER(15)              NOT NULL,
  ID_ASSEGNAZIONE       NUMBER(15)              NOT NULL,
  TESTO                 CLOB,
  FLAG_VISIBILE         VARCHAR2(1 BYTE)        DEFAULT 'S',
  VERSIONE              INTEGER                 NOT NULL,
  UTENTE_INSERIMENTO    VARCHAR2(60 BYTE)       NOT NULL,
  DATA_INSERIMENTO      DATE                    NOT NULL,
  UTENTE_AGGIORNAMENTO  VARCHAR2(60 BYTE)       NOT NULL,
  DATA_AGGIORNAMENTO    DATE                    NOT NULL
)
LOGGING 
NOCOMPRESS 
NOCACHE
NOPARALLEL
MONITORING;


CREATE TABLE ALLEGATO
(
  ID_ALLEGATO           NUMBER(15)              NOT NULL,
  ID_ASSEGNAZIONE       NUMBER(15),
  ID_PROVVEDIMENTO      NUMBER(15),
  NOMEFILE              VARCHAR2(240 BYTE)      NOT NULL,
  CONTENUTO             BLOB,
  DIMENSIONE            NUMBER(9),
  FLAG_VISIBILE         VARCHAR2(1 BYTE)        DEFAULT 'S',
  VERSIONE              INTEGER                 NOT NULL,
  UTENTE_INSERIMENTO    VARCHAR2(60 BYTE)       NOT NULL,
  DATA_INSERIMENTO      DATE                    NOT NULL,
  UTENTE_AGGIORNAMENTO  VARCHAR2(60 BYTE)       NOT NULL,
  DATA_AGGIORNAMENTO    DATE                    NOT NULL,
  DESCRIZIONE           VARCHAR2(240 BYTE)      NOT NULL
)
LOGGING 
NOCOMPRESS 
NOCACHE
NOPARALLEL
MONITORING;

CREATE TABLE PROVVEDIMENTI_PARENT
(
  ID_PROVVEDIMENTI_PARENT     NUMBER(15),
  ID_PROVVEDIMENTO            NUMBER(15)        NOT NULL,
  ID_PROVVEDIMENTO_COLLEGATO  NUMBER(15)        NOT NULL,
  VERSIONE                    INTEGER           NOT NULL,
  UTENTE_INSERIMENTO          VARCHAR2(60 BYTE) NOT NULL,
  DATA_INSERIMENTO            DATE              NOT NULL,
  UTENTE_AGGIORNAMENTO        VARCHAR2(60 BYTE) NOT NULL,
  DATA_AGGIORNAMENTO          DATE              NOT NULL
)
LOGGING 
NOCOMPRESS 
NOCACHE
NOPARALLEL
MONITORING;

CREATE TABLE UTENTE_ASTAGE
(
  ID_UTENTE_ASTAGE      NUMBER(15)              NOT NULL,
  LIVELLO               VARCHAR2(10 BYTE),
  CODICE_FISCALE        VARCHAR2(16 BYTE),
  NOME                  VARCHAR2(100 BYTE),
  COGNOME               VARCHAR2(100 BYTE),
  SESSO                 VARCHAR2(1 BYTE),
  EMAIL                 VARCHAR2(500 BYTE),
  ASSEGNAZIONE_ID_UO    NUMBER(15),
  DATA_NASCITA          DATE,
  ID_TIPO_PERSONA       NUMBER(15),
  TIPO_PERSONA          VARCHAR2(100 BYTE),
  INDIRIZZO_RES         VARCHAR2(500 BYTE),
  COMUNE_RES            VARCHAR2(500 BYTE),
  CAP_RES               VARCHAR2(5 BYTE),
  PAESE_RES             VARCHAR2(1 BYTE),
  COMUNE_NAS            VARCHAR2(500 BYTE),
  PROVINCIA_RES         VARCHAR2(2 BYTE),
  PROVINCIA_NAS         VARCHAR2(2 BYTE),
  PAESE_NAS             VARCHAR2(1 BYTE),
  INDIRIZZO_UO          VARCHAR2(500 BYTE),
  CAP_UO                VARCHAR2(5 BYTE),
  COMUNE_UO             VARCHAR2(500 BYTE),
  PROVINCIA_UO          VARCHAR2(2 BYTE),
  VERSIONE              INTEGER                 NOT NULL,
  UTENTE_INSERIMENTO    VARCHAR2(60 BYTE)       NOT NULL,
  DATA_INSERIMENTO      DATE                    NOT NULL,
  UTENTE_AGGIORNAMENTO  VARCHAR2(60 BYTE)       NOT NULL,
  DATA_AGGIORNAMENTO    DATE                    NOT NULL
)
LOGGING 
NOCOMPRESS 
NOCACHE
NOPARALLEL
MONITORING;



---------------------------------------------------------------------------
----------- PRIMARY KEYS --------------------------------------------------
---------------------------------------------------------------------------


ALTER TABLE UTENTE_ASTAGE ADD (
  CONSTRAINT UTENTE_ASTAGE_PK
 PRIMARY KEY
 (ID_UTENTE_ASTAGE));



ALTER TABLE UNITA_ORG_ASTAGE ADD (
  CONSTRAINT UNITA_ORG_ASTAGE_PK
 PRIMARY KEY
 (ORGANIZATION_ID));



ALTER TABLE TIPO_PROVVEDIMENTO ADD (
  CONSTRAINT TIPO_PROVVEDIMENTO_PK
 PRIMARY KEY
 (ID_TIPO_PROVVEDIMENTO));

ALTER TABLE STATO ADD (
  CONSTRAINT STATO_PK
 PRIMARY KEY
 (ID_STATO));

ALTER TABLE ORGANO ADD (
  CONSTRAINT ORGANO_PK
 PRIMARY KEY
 (ID_ORGANO));

ALTER TABLE UTENTE ADD (
  CONSTRAINT UTENTE_PK
 PRIMARY KEY
 (ID_UTENTE));

ALTER TABLE NOTIFICA ADD (
  CONSTRAINT NOTIFICA_PK
 PRIMARY KEY
 (ID_NOTIFICA));

ALTER TABLE RUOLO ADD (
  CONSTRAINT RUOLO_PK
 PRIMARY KEY
 (ID_RUOLO));

ALTER TABLE RUOLO_UTENTE ADD (
  CONSTRAINT RUOLO_UTENTE_PK
 PRIMARY KEY
 (ID_RUOLO_UTENTE));

ALTER TABLE FUNZIONE ADD (
  CONSTRAINT FUNZIONE_PK
 PRIMARY KEY
 (ID_FUNZIONE));

ALTER TABLE MENU ADD (
  CONSTRAINT MENU_PK
 PRIMARY KEY
 (ID_MENU));

ALTER TABLE RUOLO_FUNZIONE ADD (
  CONSTRAINT RUOLO_FUNZIONE_PK
 PRIMARY KEY
 (ID_RUOLO_FUNZIONE));

ALTER TABLE STORICO ADD (
  CONSTRAINT STORICO_PK
 PRIMARY KEY
 (ID_STORICO));

ALTER TABLE GOVERNO ADD (
  CONSTRAINT GOVERNO_PK
 PRIMARY KEY
 (ID_GOVERNO));

ALTER TABLE TIPO_PROVV_DA_ADOTTARE ADD (
  CONSTRAINT TIPO_PROVV_DA_ADOTTARE_PK
 PRIMARY KEY
 (ID_TIPO_PROVV_DA_ADOTTARE));

ALTER TABLE CONDIZIONE ADD (
  CONSTRAINT CONDIZIONE_PK
 PRIMARY KEY
 (ID_CONDIZIONE));

ALTER TABLE TIPO_ATTO ADD (
  CONSTRAINT TIPO_ATTO_PK
 PRIMARY KEY
 (ID_TIPO_ATTO));

ALTER TABLE PROVVEDIMENTO ADD (
  CONSTRAINT PROVVEDIMENTO_PK
 PRIMARY KEY
 (ID_PROVVEDIMENTO));

ALTER TABLE ASSEGNAZIONE ADD (
  CONSTRAINT ASSEGNAZIONE_PK
 PRIMARY KEY
 (ID_ASSEGNAZIONE));

ALTER TABLE NOTA ADD (
  CONSTRAINT NOTA_PK
 PRIMARY KEY
 (ID_NOTA));

ALTER TABLE ALLEGATO ADD (
  CONSTRAINT ALLEGATO_PK
 PRIMARY KEY
 (ID_ALLEGATO));
 
ALTER TABLE PROVVEDIMENTI_PARENT ADD (
  CONSTRAINT PROVVEDIMENTI_PARENT_PK
 PRIMARY KEY
 (ID_PROVVEDIMENTI_PARENT));


-------------------------------------------------------------------------------
------------------ INSERT DB ---------------------------------------------------
-------------------------------------------------------------------------------


Insert into STATO
   (ID_STATO, TIPO, CODICE, DESCRIZIONE, VERSIONE, 
    UTENTE_INSERIMENTO, DATA_INSERIMENTO, UTENTE_AGGIORNAMENTO, DATA_AGGIORNAMENTO)
 Values
   (1, 'P', 'EVT', 'Eventuale', 0, 
    'ADMIN', TO_DATE('10/14/2014 00:00:00', 'MM/DD/YYYY HH24:MI:SS'), 'ADMIN', TO_DATE('10/14/2014 00:00:00', 'MM/DD/YYYY HH24:MI:SS'));
Insert into STATO
   (ID_STATO, TIPO, CODICE, DESCRIZIONE, VERSIONE, 
    UTENTE_INSERIMENTO, DATA_INSERIMENTO, UTENTE_AGGIORNAMENTO, DATA_AGGIORNAMENTO)
 Values
   (2, 'P', 'INS', 'Inserito', 0, 
    'ADMIN', TO_DATE('10/14/2014 00:00:00', 'MM/DD/YYYY HH24:MI:SS'), 'ADMIN', TO_DATE('10/14/2014 00:00:00', 'MM/DD/YYYY HH24:MI:SS'));
Insert into STATO
   (ID_STATO, TIPO, CODICE, DESCRIZIONE, VERSIONE, 
    UTENTE_INSERIMENTO, DATA_INSERIMENTO, UTENTE_AGGIORNAMENTO, DATA_AGGIORNAMENTO)
 Values
   (3, 'P', 'ISR', 'In istruttoria', 0, 
    'ADMIN', TO_DATE('10/14/2014 00:00:00', 'MM/DD/YYYY HH24:MI:SS'), 'ADMIN', TO_DATE('10/14/2014 00:00:00', 'MM/DD/YYYY HH24:MI:SS'));
Insert into STATO
   (ID_STATO, TIPO, CODICE, DESCRIZIONE, VERSIONE, 
    UTENTE_INSERIMENTO, DATA_INSERIMENTO, UTENTE_AGGIORNAMENTO, DATA_AGGIORNAMENTO)
 Values
   (4, 'P', 'SOS', 'Sospeso', 0, 
    'ADMIN', TO_DATE('10/14/2014 00:00:00', 'MM/DD/YYYY HH24:MI:SS'), 'ADMIN', TO_DATE('10/14/2014 00:00:00', 'MM/DD/YYYY HH24:MI:SS'));
Insert into STATO
   (ID_STATO, TIPO, CODICE, DESCRIZIONE, VERSIONE, 
    UTENTE_INSERIMENTO, DATA_INSERIMENTO, UTENTE_AGGIORNAMENTO, DATA_AGGIORNAMENTO)
 Values
   (5, 'P', 'CHL', 'Chiusura lavori', 0, 
    'ADMIN', TO_DATE('10/14/2014 00:00:00', 'MM/DD/YYYY HH24:MI:SS'), 'ADMIN', TO_DATE('10/14/2014 00:00:00', 'MM/DD/YYYY HH24:MI:SS'));
Insert into STATO
   (ID_STATO, TIPO, CODICE, DESCRIZIONE, VERSIONE, 
    UTENTE_INSERIMENTO, DATA_INSERIMENTO, UTENTE_AGGIORNAMENTO, DATA_AGGIORNAMENTO)
 Values
   (6, 'P', 'ADO', 'Adottato', 0, 
    'ADMIN', TO_DATE('10/14/2014 00:00:00', 'MM/DD/YYYY HH24:MI:SS'), 'ADMIN', TO_DATE('10/14/2014 00:00:00', 'MM/DD/YYYY HH24:MI:SS'));
Insert into STATO
   (ID_STATO, TIPO, CODICE, DESCRIZIONE, VERSIONE, 
    UTENTE_INSERIMENTO, DATA_INSERIMENTO, UTENTE_AGGIORNAMENTO, DATA_AGGIORNAMENTO)
 Values
   (7, 'P', 'NOA', 'Non attuabile', 0, 
    'ADMIN', TO_DATE('10/14/2014 00:00:00', 'MM/DD/YYYY HH24:MI:SS'), 'ADMIN', TO_DATE('10/14/2014 00:00:00', 'MM/DD/YYYY HH24:MI:SS'));
Insert into STATO
   (ID_STATO, TIPO, CODICE, DESCRIZIONE, VERSIONE, 
    UTENTE_INSERIMENTO, DATA_INSERIMENTO, UTENTE_AGGIORNAMENTO, DATA_AGGIORNAMENTO)
 Values
   (8, 'P', 'SUP', 'Superato', 0, 
    'ADMIN', TO_DATE('10/14/2014 00:00:00', 'MM/DD/YYYY HH24:MI:SS'), 'ADMIN', TO_DATE('10/14/2014 00:00:00', 'MM/DD/YYYY HH24:MI:SS'));
Insert into STATO
   (ID_STATO, TIPO, CODICE, DESCRIZIONE, VERSIONE, 
    UTENTE_INSERIMENTO, DATA_INSERIMENTO, UTENTE_AGGIORNAMENTO, DATA_AGGIORNAMENTO)
 Values
   (9, 'A', 'ASS', 'Assegnato', 0, 
    'ADMIN', TO_DATE('10/14/2014 00:00:00', 'MM/DD/YYYY HH24:MI:SS'), 'ADMIN', TO_DATE('10/14/2014 00:00:00', 'MM/DD/YYYY HH24:MI:SS'));
Insert into STATO
   (ID_STATO, TIPO, CODICE, DESCRIZIONE, VERSIONE, 
    UTENTE_INSERIMENTO, DATA_INSERIMENTO, UTENTE_AGGIORNAMENTO, DATA_AGGIORNAMENTO)
 Values
   (10, 'A', 'RIF', 'Rifiutato', 0, 
    'ADMIN', TO_DATE('10/14/2014 00:00:00', 'MM/DD/YYYY HH24:MI:SS'), 'ADMIN', TO_DATE('10/14/2014 00:00:00', 'MM/DD/YYYY HH24:MI:SS'));
Insert into STATO
   (ID_STATO, TIPO, CODICE, DESCRIZIONE, VERSIONE, 
    UTENTE_INSERIMENTO, DATA_INSERIMENTO, UTENTE_AGGIORNAMENTO, DATA_AGGIORNAMENTO)
 Values
   (11, 'A', 'ACC', 'Accettato - In lavorazione', 0, 
    'ADMIN', TO_DATE('10/14/2014 00:00:00', 'MM/DD/YYYY HH24:MI:SS'), 'ADMIN', TO_DATE('10/14/2014 00:00:00', 'MM/DD/YYYY HH24:MI:SS'));
Insert into STATO
   (ID_STATO, TIPO, CODICE, DESCRIZIONE, VERSIONE, 
    UTENTE_INSERIMENTO, DATA_INSERIMENTO, UTENTE_AGGIORNAMENTO, DATA_AGGIORNAMENTO)
 Values
   (12, 'A', 'FLA', 'Fine lavorazione', 0, 
    'ADMIN', TO_DATE('10/14/2014 00:00:00', 'MM/DD/YYYY HH24:MI:SS'), 'ADMIN', TO_DATE('10/14/2014 00:00:00', 'MM/DD/YYYY HH24:MI:SS'));
Insert into STATO
   (ID_STATO, TIPO, CODICE, DESCRIZIONE, VERSIONE, 
    UTENTE_INSERIMENTO, DATA_INSERIMENTO, UTENTE_AGGIORNAMENTO, DATA_AGGIORNAMENTO)
 Values
   (13, 'A', 'RIC', 'Richiesta assegnazione', 0, 
    'ADMIN', TO_DATE('10/14/2014 00:00:00', 'MM/DD/YYYY HH24:MI:SS'), 'ADMIN', TO_DATE('10/14/2014 00:00:00', 'MM/DD/YYYY HH24:MI:SS'));


Insert into RUOLO
   (ID_RUOLO, CODICE, DESCRIZIONE, VERSIONE, UTENTE_INSERIMENTO, 
    DATA_INSERIMENTO, UTENTE_AGGIORNAMENTO, DATA_AGGIORNAMENTO)
 Values
   (1, 'ROLE_USER', 'Utente generico', 0, 'ADMIN', 
    TO_DATE('10/12/2014 00:00:00', 'MM/DD/YYYY HH24:MI:SS'), 'ADMIN', TO_DATE('10/12/2014 00:00:00', 'MM/DD/YYYY HH24:MI:SS'));
Insert into RUOLO
   (ID_RUOLO, CODICE, DESCRIZIONE, VERSIONE, UTENTE_INSERIMENTO, 
    DATA_INSERIMENTO, UTENTE_AGGIORNAMENTO, DATA_AGGIORNAMENTO)
 Values
   (2, 'ROLE_ADMIN', 'Amministratore del sistema', 0, 'ADMIN', 
    TO_DATE('10/12/2014 00:00:00', 'MM/DD/YYYY HH24:MI:SS'), 'ADMIN', TO_DATE('10/12/2014 00:00:00', 'MM/DD/YYYY HH24:MI:SS'));
Insert into RUOLO
   (ID_RUOLO, CODICE, DESCRIZIONE, VERSIONE, UTENTE_INSERIMENTO, 
    DATA_INSERIMENTO, UTENTE_AGGIORNAMENTO, DATA_AGGIORNAMENTO)
 Values
   (3, 'ROLE_INSERITORE', 'Inseritore', 0, 'ADMIN', 
    TO_DATE('10/12/2014 00:00:00', 'MM/DD/YYYY HH24:MI:SS'), 'ADMIN', TO_DATE('10/12/2014 00:00:00', 'MM/DD/YYYY HH24:MI:SS'));
Insert into RUOLO
   (ID_RUOLO, CODICE, DESCRIZIONE, VERSIONE, UTENTE_INSERIMENTO, 
    DATA_INSERIMENTO, UTENTE_AGGIORNAMENTO, DATA_AGGIORNAMENTO)
 Values
   (4, 'ROLE_LETTORE', 'Lettore', 0, 'ADMIN', 
    TO_DATE('10/12/2014 00:00:00', 'MM/DD/YYYY HH24:MI:SS'), 'ADMIN', TO_DATE('10/12/2014 00:00:00', 'MM/DD/YYYY HH24:MI:SS'));
Insert into RUOLO
   (ID_RUOLO, CODICE, DESCRIZIONE, VERSIONE, UTENTE_INSERIMENTO, 
    DATA_INSERIMENTO, UTENTE_AGGIORNAMENTO, DATA_AGGIORNAMENTO)
 Values
   (5, 'ROLE_CONSULTANTE', 'Consultante', 0, 'ADMIN', 
    TO_DATE('10/12/2014 00:00:00', 'MM/DD/YYYY HH24:MI:SS'), 'ADMIN', TO_DATE('10/12/2014 00:00:00', 'MM/DD/YYYY HH24:MI:SS'));


Insert into MENU
   (ID_MENU, DESCRIZIONE, ID_PARENT_MENU, ID_FUNZIONE, ORDINAMENTO, 
    VERSIONE, UTENTE_INSERIMENTO, DATA_INSERIMENTO, UTENTE_AGGIORNAMENTO, DATA_AGGIORNAMENTO)
 Values
   (3, 'Provvedimenti', NULL, 3, 30, 
    0, 'ADMIN', TO_DATE('10/14/2014 00:00:00', 'MM/DD/YYYY HH24:MI:SS'), 'ADMIN', TO_DATE('10/14/2014 00:00:00', 'MM/DD/YYYY HH24:MI:SS'));
Insert into MENU
   (ID_MENU, DESCRIZIONE, ID_PARENT_MENU, ID_FUNZIONE, ORDINAMENTO, 
    VERSIONE, UTENTE_INSERIMENTO, DATA_INSERIMENTO, UTENTE_AGGIORNAMENTO, DATA_AGGIORNAMENTO)
 Values
   (4, 'Gestione', 3, 6, 40, 
    0, 'ADMIN', TO_DATE('10/14/2014 00:00:00', 'MM/DD/YYYY HH24:MI:SS'), 'ADMIN', TO_DATE('10/14/2014 00:00:00', 'MM/DD/YYYY HH24:MI:SS'));
Insert into MENU
   (ID_MENU, DESCRIZIONE, ID_PARENT_MENU, ID_FUNZIONE, ORDINAMENTO, 
    VERSIONE, UTENTE_INSERIMENTO, DATA_INSERIMENTO, UTENTE_AGGIORNAMENTO, DATA_AGGIORNAMENTO)
 Values
   (1, 'Amministrazione', NULL, 2, 10, 
    0, 'ADMIN', TO_DATE('10/14/2014 00:00:00', 'MM/DD/YYYY HH24:MI:SS'), 'ADMIN', TO_DATE('10/14/2014 00:00:00', 'MM/DD/YYYY HH24:MI:SS'));
Insert into MENU
   (ID_MENU, DESCRIZIONE, ID_PARENT_MENU, ID_FUNZIONE, ORDINAMENTO, 
    VERSIONE, UTENTE_INSERIMENTO, DATA_INSERIMENTO, UTENTE_AGGIORNAMENTO, DATA_AGGIORNAMENTO)
 Values
   (2, 'Gestione Organi', 1, 4, 20, 
    0, 'ADMIN', TO_DATE('10/14/2014 00:00:00', 'MM/DD/YYYY HH24:MI:SS'), 'ADMIN', TO_DATE('10/14/2014 00:00:00', 'MM/DD/YYYY HH24:MI:SS'));
Insert into MENU
   (ID_MENU, DESCRIZIONE, ID_PARENT_MENU, ID_FUNZIONE, ORDINAMENTO, 
    VERSIONE, UTENTE_INSERIMENTO, DATA_INSERIMENTO, UTENTE_AGGIORNAMENTO, DATA_AGGIORNAMENTO)
 Values
   (5, 'Gestione Utenti', 1, 5, 30, 
    0, 'ADMIN', TO_DATE('10/14/2014 00:00:00', 'MM/DD/YYYY HH24:MI:SS'), 'ADMIN', TO_DATE('10/14/2014 00:00:00', 'MM/DD/YYYY HH24:MI:SS'));

Insert into GOVERNO
   (ID_GOVERNO, DENOMINAZIONE, VERSIONE, UTENTE_INSERIMENTO, DATA_INSERIMENTO, 
    UTENTE_AGGIORNAMENTO, DATA_AGGIORNAMENTO)
 Values
   (1, 'Monti', 0, 'ADMIN', TO_DATE('10/14/2014 00:00:00', 'MM/DD/YYYY HH24:MI:SS'), 
    'ADMIN', TO_DATE('10/14/2014 00:00:00', 'MM/DD/YYYY HH24:MI:SS'));
Insert into GOVERNO
   (ID_GOVERNO, DENOMINAZIONE, VERSIONE, UTENTE_INSERIMENTO, DATA_INSERIMENTO, 
    UTENTE_AGGIORNAMENTO, DATA_AGGIORNAMENTO)
 Values
   (2, 'Letta', 0, 'ADMIN', TO_DATE('10/14/2014 00:00:00', 'MM/DD/YYYY HH24:MI:SS'), 
    'ADMIN', TO_DATE('10/14/2014 00:00:00', 'MM/DD/YYYY HH24:MI:SS'));
Insert into GOVERNO
   (ID_GOVERNO, DENOMINAZIONE, VERSIONE, UTENTE_INSERIMENTO, DATA_INSERIMENTO, 
    UTENTE_AGGIORNAMENTO, DATA_AGGIORNAMENTO)
 Values
   (3, 'Renzi', 0, 'ADMIN', TO_DATE('10/14/2014 00:00:00', 'MM/DD/YYYY HH24:MI:SS'), 
    'ADMIN', TO_DATE('10/14/2014 00:00:00', 'MM/DD/YYYY HH24:MI:SS'));

Insert into TIPO_PROVV_DA_ADOTTARE
   (ID_TIPO_PROVV_DA_ADOTTARE, DESCRIZIONE, VERSIONE, UTENTE_INSERIMENTO, DATA_INSERIMENTO, 
    UTENTE_AGGIORNAMENTO, DATA_AGGIORNAMENTO)
 Values
   (1, 'Altro', 0, 'ADMIN', TO_DATE('10/14/2014 00:00:00', 'MM/DD/YYYY HH24:MI:SS'), 
    'ADMIN', TO_DATE('10/14/2014 00:00:00', 'MM/DD/YYYY HH24:MI:SS'));
Insert into TIPO_PROVV_DA_ADOTTARE
   (ID_TIPO_PROVV_DA_ADOTTARE, DESCRIZIONE, VERSIONE, UTENTE_INSERIMENTO, DATA_INSERIMENTO, 
    UTENTE_AGGIORNAMENTO, DATA_AGGIORNAMENTO)
 Values
   (2, 'D.I.', 0, 'ADMIN', TO_DATE('10/14/2014 00:00:00', 'MM/DD/YYYY HH24:MI:SS'), 
    'ADMIN', TO_DATE('10/14/2014 00:00:00', 'MM/DD/YYYY HH24:MI:SS'));
Insert into TIPO_PROVV_DA_ADOTTARE
   (ID_TIPO_PROVV_DA_ADOTTARE, DESCRIZIONE, VERSIONE, UTENTE_INSERIMENTO, DATA_INSERIMENTO, 
    UTENTE_AGGIORNAMENTO, DATA_AGGIORNAMENTO)
 Values
   (3, 'D.M.', 0, 'ADMIN', TO_DATE('10/14/2014 00:00:00', 'MM/DD/YYYY HH24:MI:SS'), 
    'ADMIN', TO_DATE('10/14/2014 00:00:00', 'MM/DD/YYYY HH24:MI:SS'));
Insert into TIPO_PROVV_DA_ADOTTARE
   (ID_TIPO_PROVV_DA_ADOTTARE, DESCRIZIONE, VERSIONE, UTENTE_INSERIMENTO, DATA_INSERIMENTO, 
    UTENTE_AGGIORNAMENTO, DATA_AGGIORNAMENTO)
 Values
   (4, 'Decreto direttoriale', 0, 'ADMIN', TO_DATE('10/14/2014 00:00:00', 'MM/DD/YYYY HH24:MI:SS'), 
    'ADMIN', TO_DATE('10/14/2014 00:00:00', 'MM/DD/YYYY HH24:MI:SS'));
Insert into TIPO_PROVV_DA_ADOTTARE
   (ID_TIPO_PROVV_DA_ADOTTARE, DESCRIZIONE, VERSIONE, UTENTE_INSERIMENTO, DATA_INSERIMENTO, 
    UTENTE_AGGIORNAMENTO, DATA_AGGIORNAMENTO)
 Values
   (5, 'dPCM', 0, 'ADMIN', TO_DATE('10/14/2014 00:00:00', 'MM/DD/YYYY HH24:MI:SS'), 
    'ADMIN', TO_DATE('10/14/2014 00:00:00', 'MM/DD/YYYY HH24:MI:SS'));

Insert into TIPO_PROVVEDIMENTO
   (ID_TIPO_PROVVEDIMENTO, CODICE, DESCRIZIONE, VERSIONE, UTENTE_INSERIMENTO, 
    DATA_INSERIMENTO, UTENTE_AGGIORNAMENTO, DATA_AGGIORNAMENTO)
 Values
   (3, 'CONC_PREV', 'Concerto Preventivo', 1, 'OWNER', 
    TO_DATE('10/10/2014 00:00:00', 'MM/DD/YYYY HH24:MI:SS'), 'OWNER', TO_DATE('10/10/2014 00:00:00', 'MM/DD/YYYY HH24:MI:SS'));
Insert into TIPO_PROVVEDIMENTO
   (ID_TIPO_PROVVEDIMENTO, CODICE, DESCRIZIONE, VERSIONE, UTENTE_INSERIMENTO, 
    DATA_INSERIMENTO, UTENTE_AGGIORNAMENTO, DATA_AGGIORNAMENTO)
 Values
   (1, 'PROP_MEF', 'Proponente MEF', 1, 'OWNER', 
    TO_DATE('10/10/2014 00:00:00', 'MM/DD/YYYY HH24:MI:SS'), 'OWNER', TO_DATE('10/10/2014 00:00:00', 'MM/DD/YYYY HH24:MI:SS'));
Insert into TIPO_PROVVEDIMENTO
   (ID_TIPO_PROVVEDIMENTO, CODICE, DESCRIZIONE, VERSIONE, UTENTE_INSERIMENTO, 
    DATA_INSERIMENTO, UTENTE_AGGIORNAMENTO, DATA_AGGIORNAMENTO)
 Values
   (2, 'CONC_MEF', 'Concertante MEF', 1, 'OWNER', 
    TO_DATE('10/10/2014 00:00:00', 'MM/DD/YYYY HH24:MI:SS'), 'OWNER', TO_DATE('10/10/2014 00:00:00', 'MM/DD/YYYY HH24:MI:SS'));

Insert into TIPO_OPERAZIONE
   (ID_TIPO_OPERAZIONE, DESCRIZIONE)
 Values
   (1, 'AGGIORNAMENTO');
Insert into TIPO_OPERAZIONE
   (ID_TIPO_OPERAZIONE, DESCRIZIONE)
 Values
   (2, 'INSERIMENTO');
Insert into TIPO_OPERAZIONE
   (ID_TIPO_OPERAZIONE, DESCRIZIONE)
 Values
   (3, 'ELIMINA');
Insert into TIPO_OPERAZIONE
   (ID_TIPO_OPERAZIONE, DESCRIZIONE)
 Values
   (4, 'A');

Insert into TIPO_ATTO
   (ID_TIPO_ATTO, CODICE, DESCRIZIONE, VERSIONE, UTENTE_INSERIMENTO, 
    DATA_INSERIMENTO, UTENTE_AGGIORNAMENTO, DATA_AGGIORNAMENTO)
 Values
   (1, 'CS', 'Costituzione', 0, 'ADMIN', 
    TO_DATE('10/22/2014 00:00:00', 'MM/DD/YYYY HH24:MI:SS'), 'ADMIN', TO_DATE('10/22/2014 00:00:00', 'MM/DD/YYYY HH24:MI:SS'));
Insert into TIPO_ATTO
   (ID_TIPO_ATTO, CODICE, DESCRIZIONE, VERSIONE, UTENTE_INSERIMENTO, 
    DATA_INSERIMENTO, UTENTE_AGGIORNAMENTO, DATA_AGGIORNAMENTO)
 Values
   (2, 'DL', 'Decreto Legge', 0, 'ADMIN', 
    TO_DATE('10/22/2014 00:00:00', 'MM/DD/YYYY HH24:MI:SS'), 'ADMIN', TO_DATE('10/22/2014 00:00:00', 'MM/DD/YYYY HH24:MI:SS'));
Insert into TIPO_ATTO
   (ID_TIPO_ATTO, CODICE, DESCRIZIONE, VERSIONE, UTENTE_INSERIMENTO, 
    DATA_INSERIMENTO, UTENTE_AGGIORNAMENTO, DATA_AGGIORNAMENTO)
 Values
   (3, 'L', 'Legge', 0, 'ADMIN', 
    TO_DATE('10/22/2014 00:00:00', 'MM/DD/YYYY HH24:MI:SS'), 'ADMIN', TO_DATE('10/22/2014 00:00:00', 'MM/DD/YYYY HH24:MI:SS'));




Insert into CONDIZIONE
   (ID_CONDIZIONE, ELEMENTO, TARGET, ESPRESSIONE, VERSIONE, 
    UTENTE_INSERIMENTO, DATA_INSERIMENTO, UTENTE_AGGIORNAMENTO, DATA_AGGIORNAMENTO)
 Values
   (1, 'modificaProvvedimento', 'Provvedimento', 'target.stato.codice == ''INS'' and authentication.authorities.?[authority == ''ROLE_INSERITORE''].size() != 0 and (authentication.principal.utente.organo.id == target.organoInseritore.id or authentication.principal.utente.organo.id == target.organoCapofila.id)', 0, 
    'ADMIN', TO_DATE('10/16/2014 00:00:00', 'MM/DD/YYYY HH24:MI:SS'), 'ADMIN', TO_DATE('10/16/2014 00:00:00', 'MM/DD/YYYY HH24:MI:SS'));
Insert into CONDIZIONE
   (ID_CONDIZIONE, ELEMENTO, TARGET, ESPRESSIONE, VERSIONE, 
    UTENTE_INSERIMENTO, DATA_INSERIMENTO, UTENTE_AGGIORNAMENTO, DATA_AGGIORNAMENTO)
 Values
   (5, 'chiusuraLavori', 'Provvedimento', 'authentication.authorities.?[authority == ''ROLE_INSERITORE''].size() != 0 and (authentication.principal.utente.organo.id == target.organoInseritore.id or authentication.principal.utente.organo.id == target.organoCapofila.id) and (target.stato.codice == ''CHL'')', 0, 
    'ADMIN', TO_DATE('10/16/2014 00:00:00', 'MM/DD/YYYY HH24:MI:SS'), 'ADMIN', TO_DATE('10/16/2014 00:00:00', 'MM/DD/YYYY HH24:MI:SS'));
Insert into CONDIZIONE
   (ID_CONDIZIONE, ELEMENTO, TARGET, ESPRESSIONE, VERSIONE, 
    UTENTE_INSERIMENTO, DATA_INSERIMENTO, UTENTE_AGGIORNAMENTO, DATA_AGGIORNAMENTO)
 Values
   (2, 'modificaStato', 'Provvedimento', 'authentication.authorities.?[authority == ''ROLE_INSERITORE''].size() != 0 and (authentication.principal.utente.organo.id == target.organoInseritore.id or authentication.principal.utente.organo.id == target.organoCapofila.id) and (target.stato.codice != ''CHL'')', 0, 
    'ADMIN', TO_DATE('10/16/2014 00:00:00', 'MM/DD/YYYY HH24:MI:SS'), 'ADMIN', TO_DATE('10/16/2014 00:00:00', 'MM/DD/YYYY HH24:MI:SS'));
Insert into CONDIZIONE
   (ID_CONDIZIONE, ELEMENTO, TARGET, ESPRESSIONE, VERSIONE, 
    UTENTE_INSERIMENTO, DATA_INSERIMENTO, UTENTE_AGGIORNAMENTO, DATA_AGGIORNAMENTO)
 Values
   (3, 'lavorazione', 'Provvedimento', 'authentication.authorities.?[authority == ''ROLE_INSERITORE''].size() != 0  
and 
target.stato.codice == ''ISR'' 
and 
T(it.tesoro.monprovv.utils.SicurezzaUtils).assegnazioneCorrente(target.assegnazioneList) != null  
and 
T(it.tesoro.monprovv.utils.SicurezzaUtils).assegnazioneCorrente(target.assegnazioneList).stato.codice == ''ACC'' 
  


', 0, 
    'ADMIN', TO_DATE('10/16/2014 00:00:00', 'MM/DD/YYYY HH24:MI:SS'), 'ADMIN', TO_DATE('10/16/2014 00:00:00', 'MM/DD/YYYY HH24:MI:SS'));
Insert into CONDIZIONE
   (ID_CONDIZIONE, ELEMENTO, TARGET, ESPRESSIONE, VERSIONE, 
    UTENTE_INSERIMENTO, DATA_INSERIMENTO, UTENTE_AGGIORNAMENTO, DATA_AGGIORNAMENTO)
 Values
   (4, 'accettazione', 'Provvedimento', 'authentication.authorities.?[authority == ''ROLE_INSERITORE''].size() != 0  
and 
target.stato.codice == ''ISR'' 
and 
T(it.tesoro.monprovv.utils.SicurezzaUtils).assegnazioneCorrente(target.assegnazioneList) != null  
and 
T(it.tesoro.monprovv.utils.SicurezzaUtils).assegnazioneCorrente(target.assegnazioneList).stato.codice == ''ASS'' 
  


', 0, 
    'ADMIN', TO_DATE('10/16/2014 00:00:00', 'MM/DD/YYYY HH24:MI:SS'), 'ADMIN', TO_DATE('10/16/2014 00:00:00', 'MM/DD/YYYY HH24:MI:SS'));
Insert into CONDIZIONE
   (ID_CONDIZIONE, ELEMENTO, TARGET, ESPRESSIONE, VERSIONE, 
    UTENTE_INSERIMENTO, DATA_INSERIMENTO, UTENTE_AGGIORNAMENTO, DATA_AGGIORNAMENTO)
 Values
   (6, 'lavorazioneGenerale', 'Provvedimento', 'authentication.authorities.?[authority == ''ROLE_INSERITORE''].size() != 0  
', 0, 
    'ADMIN', TO_DATE('10/16/2014 00:00:00', 'MM/DD/YYYY HH24:MI:SS'), 'ADMIN', TO_DATE('10/16/2014 00:00:00', 'MM/DD/YYYY HH24:MI:SS'));
Insert into CONDIZIONE
   (ID_CONDIZIONE, ELEMENTO, TARGET, ESPRESSIONE, VERSIONE, 
    UTENTE_INSERIMENTO, DATA_INSERIMENTO, UTENTE_AGGIORNAMENTO, DATA_AGGIORNAMENTO)
 Values
   (8, 'sollecitoVisible', 'Provvedimento', 'target.stato.codice == ''ISR'' and authentication.authorities.?[authority == ''ROLE_INSERITORE''].size() != 0 and (authentication.principal.utente.organo.id == target.organoInseritore.id or authentication.principal.utente.organo.id == target.organoCapofila.id)', 0, 
    'ADMIN', TO_DATE('10/16/2014 00:00:00', 'MM/DD/YYYY HH24:MI:SS'), 'ADMIN', TO_DATE('10/16/2014 00:00:00', 'MM/DD/YYYY HH24:MI:SS'));
Insert into CONDIZIONE
   (ID_CONDIZIONE, ELEMENTO, TARGET, ESPRESSIONE, VERSIONE, 
    UTENTE_INSERIMENTO, DATA_INSERIMENTO, UTENTE_AGGIORNAMENTO, DATA_AGGIORNAMENTO)
 Values
   (9, 'confermaAssegnazione', 'Assegnazione', ' TODO', 0, 
    'ADMIN', TO_DATE('10/16/2014 00:00:00', 'MM/DD/YYYY HH24:MI:SS'), 'ADMIN', TO_DATE('10/16/2014 00:00:00', 'MM/DD/YYYY HH24:MI:SS'));
Insert into CONDIZIONE
   (ID_CONDIZIONE, ELEMENTO, TARGET, ESPRESSIONE, VERSIONE, 
    UTENTE_INSERIMENTO, DATA_INSERIMENTO, UTENTE_AGGIORNAMENTO, DATA_AGGIORNAMENTO)
 Values
   (10, 'gestioneNotificaOperativa', 'Notifica', 'target.flagLettura == ''N'' and target.tipoNotifica == ''O'' and authentication.principal.utente.organo.id == target.organoDestinatario.id ', 0, 
    'ADMIN', TO_DATE('10/16/2014 00:00:00', 'MM/DD/YYYY HH24:MI:SS'), 'ADMIN', TO_DATE('10/16/2014 00:00:00', 'MM/DD/YYYY HH24:MI:SS'));
Insert into CONDIZIONE
   (ID_CONDIZIONE, ELEMENTO, TARGET, ESPRESSIONE, VERSIONE, 
    UTENTE_INSERIMENTO, DATA_INSERIMENTO, UTENTE_AGGIORNAMENTO, DATA_AGGIORNAMENTO)
 Values
   (7, 'richiesta', 'Provvedimento', 'authentication.authorities.?[authority == ''ROLE_INSERITORE'' or authority == ''ROLE_LETTORE''].size() != 0 
and 
target.stato.codice == ''ISR'' 
and 
T(it.tesoro.monprovv.utils.SicurezzaUtils).assegnazioneCorrente(target.assegnazioneList) == null 
and 
(authentication.principal.utente.organo.id != target.organoInseritore.id and authentication.principal.utente.organo.id != target.organoCapofila.id) 
 
', 0, 
    'ADMIN', TO_DATE('10/16/2014 00:00:00', 'MM/DD/YYYY HH24:MI:SS'), 'ADMIN', TO_DATE('10/16/2014 00:00:00', 'MM/DD/YYYY HH24:MI:SS'));


Insert into FUNZIONE
   (ID_FUNZIONE, DESCRIZIONE, URL, FLG_LINKABLE, VERSIONE, UTENTE_INSERIMENTO, DATA_INSERIMENTO, UTENTE_AGGIORNAMENTO, DATA_AGGIORNAMENTO)
 Values
   (1, 'Home', '/private/**', '0', 0, 'ADMIN', TO_DATE('04/12/2014 00:00:00', 'MM/DD/YYYY HH24:MI:SS'), 'ADMIN', TO_DATE('04/12/2014 00:00:00', 'MM/DD/YYYY HH24:MI:SS'));
Insert into FUNZIONE
   (ID_FUNZIONE, DESCRIZIONE, URL, FLG_LINKABLE, VERSIONE, UTENTE_INSERIMENTO, DATA_INSERIMENTO, UTENTE_AGGIORNAMENTO, DATA_AGGIORNAMENTO)
 Values
   (2, 'Amministrazione', '/private/admin/**', '0', 0, 'ADMIN', TO_DATE('04/12/2014 00:00:00', 'MM/DD/YYYY HH24:MI:SS'), 'ADMIN', TO_DATE('04/12/2014 00:00:00', 'MM/DD/YYYY HH24:MI:SS'));
Insert into FUNZIONE
   (ID_FUNZIONE, DESCRIZIONE, URL, FLG_LINKABLE, VERSIONE, UTENTE_INSERIMENTO, DATA_INSERIMENTO, UTENTE_AGGIORNAMENTO, DATA_AGGIORNAMENTO)
 Values
   (6, 'Ricerca Provvedimenti', '/private/provvedimenti/ricerca', '1', 0, 'ADMIN', TO_DATE('04/14/2014 00:00:00', 'MM/DD/YYYY HH24:MI:SS'), 'ADMIN', TO_DATE('04/14/2014 00:00:00', 'MM/DD/YYYY HH24:MI:SS'));
Insert into FUNZIONE
   (ID_FUNZIONE, DESCRIZIONE, URL, FLG_LINKABLE, VERSIONE, UTENTE_INSERIMENTO, DATA_INSERIMENTO, UTENTE_AGGIORNAMENTO, DATA_AGGIORNAMENTO)
 Values
   (11, 'Nuovo organo', '/private/admin/enti/nuovo', '1', 0, 'ADMIN', TO_DATE('04/14/2014 00:00:00', 'MM/DD/YYYY HH24:MI:SS'), 'ADMIN', TO_DATE('04/14/2014 00:00:00', 'MM/DD/YYYY HH24:MI:SS'));
Insert into FUNZIONE
   (ID_FUNZIONE, DESCRIZIONE, URL, FLG_LINKABLE, VERSIONE, UTENTE_INSERIMENTO, DATA_INSERIMENTO, UTENTE_AGGIORNAMENTO, DATA_AGGIORNAMENTO)
 Values
   (12, 'Nuovo utente', '/private/admin/utenti/nuovo', '1', 0, 'ADMIN', TO_DATE('04/14/2014 00:00:00', 'MM/DD/YYYY HH24:MI:SS'), 'ADMIN', TO_DATE('04/14/2014 00:00:00', 'MM/DD/YYYY HH24:MI:SS'));
Insert into FUNZIONE
   (ID_FUNZIONE, DESCRIZIONE, URL, FLG_LINKABLE, VERSIONE, UTENTE_INSERIMENTO, DATA_INSERIMENTO, UTENTE_AGGIORNAMENTO, DATA_AGGIORNAMENTO)
 Values
   (13, 'Modifica organo', '/private/admin/enti/modifica', '1', 0, 'ADMIN', TO_DATE('04/14/2014 00:00:00', 'MM/DD/YYYY HH24:MI:SS'), 'ADMIN', TO_DATE('04/14/2014 00:00:00', 'MM/DD/YYYY HH24:MI:SS'));
Insert into FUNZIONE
   (ID_FUNZIONE, DESCRIZIONE, URL, FLG_LINKABLE, VERSIONE, UTENTE_INSERIMENTO, DATA_INSERIMENTO, UTENTE_AGGIORNAMENTO, DATA_AGGIORNAMENTO)
 Values
   (14, 'Modifica utente', '/private/admin/utenti/modifica', '1', 0, 'ADMIN', TO_DATE('04/14/2014 00:00:00', 'MM/DD/YYYY HH24:MI:SS'), 'ADMIN', TO_DATE('04/14/2014 00:00:00', 'MM/DD/YYYY HH24:MI:SS'));
Insert into FUNZIONE
   (ID_FUNZIONE, DESCRIZIONE, URL, FLG_LINKABLE, VERSIONE, UTENTE_INSERIMENTO, DATA_INSERIMENTO, UTENTE_AGGIORNAMENTO, DATA_AGGIORNAMENTO)
 Values
   (5, 'Gestione Utenti', '/private/admin/utenti', '0', 0, 'ADMIN', TO_DATE('10/14/2014 00:00:00', 'MM/DD/YYYY HH24:MI:SS'), 'ADMIN', TO_DATE('04/14/2014 00:00:00', 'MM/DD/YYYY HH24:MI:SS'));
Insert into FUNZIONE
   (ID_FUNZIONE, DESCRIZIONE, URL, FLG_LINKABLE, VERSIONE, UTENTE_INSERIMENTO, DATA_INSERIMENTO, UTENTE_AGGIORNAMENTO, DATA_AGGIORNAMENTO)
 Values
   (3, 'Provvedimenti', '/private/provvedimenti/**', '1', 0, 'ADMIN', TO_DATE('04/14/2014 00:00:00', 'MM/DD/YYYY HH24:MI:SS'), 'ADMIN', TO_DATE('04/14/2014 00:00:00', 'MM/DD/YYYY HH24:MI:SS'));
Insert into FUNZIONE
   (ID_FUNZIONE, DESCRIZIONE, URL, FLG_LINKABLE, VERSIONE, UTENTE_INSERIMENTO, DATA_INSERIMENTO, UTENTE_AGGIORNAMENTO, DATA_AGGIORNAMENTO)
 Values
   (4, 'Gestione Organo', '/private/admin/enti', '0', 0, 'ADMIN', TO_DATE('10/14/2014 00:00:00', 'MM/DD/YYYY HH24:MI:SS'), 'ADMIN', TO_DATE('04/14/2014 00:00:00', 'MM/DD/YYYY HH24:MI:SS'));
Insert into FUNZIONE
   (ID_FUNZIONE, DESCRIZIONE, URL, FLG_LINKABLE, VERSIONE, UTENTE_INSERIMENTO, DATA_INSERIMENTO, UTENTE_AGGIORNAMENTO, DATA_AGGIORNAMENTO)
 Values
   (7, 'Dettaglio Provvedimento', '/private/provvedimenti/ricerca/dettaglio', '1', 0, 'ADMIN', TO_DATE('04/14/2014 00:00:00', 'MM/DD/YYYY HH24:MI:SS'), 'ADMIN', TO_DATE('04/14/2014 00:00:00', 'MM/DD/YYYY HH24:MI:SS'));
Insert into FUNZIONE
   (ID_FUNZIONE, DESCRIZIONE, URL, FLG_LINKABLE, VERSIONE, UTENTE_INSERIMENTO, DATA_INSERIMENTO, UTENTE_AGGIORNAMENTO, DATA_AGGIORNAMENTO)
 Values
   (8, 'Conferma richiesta assegnazione', '/private/provvedimenti/confermaassegnazione', '1', 0, 'ADMIN', TO_DATE('04/14/2014 00:00:00', 'MM/DD/YYYY HH24:MI:SS'), 'ADMIN', TO_DATE('04/14/2014 00:00:00', 'MM/DD/YYYY HH24:MI:SS'));
Insert into FUNZIONE
   (ID_FUNZIONE, DESCRIZIONE, URL, FLG_LINKABLE, VERSIONE, UTENTE_INSERIMENTO, DATA_INSERIMENTO, UTENTE_AGGIORNAMENTO, DATA_AGGIORNAMENTO)
 Values
   (9, 'Elenco', '/private/notifiche/elenco', '1', 0, 'ADMIN', TO_DATE('04/14/2014 00:00:00', 'MM/DD/YYYY HH24:MI:SS'), 'ADMIN', TO_DATE('04/14/2014 00:00:00', 'MM/DD/YYYY HH24:MI:SS'));
Insert into FUNZIONE
   (ID_FUNZIONE, DESCRIZIONE, URL, FLG_LINKABLE, VERSIONE, UTENTE_INSERIMENTO, DATA_INSERIMENTO, UTENTE_AGGIORNAMENTO, DATA_AGGIORNAMENTO)
 Values
   (10, 'Notifiche', '/private/notifiche', '1', 0, 'ADMIN', TO_DATE('04/14/2014 00:00:00', 'MM/DD/YYYY HH24:MI:SS'), 'ADMIN', TO_DATE('04/14/2014 00:00:00', 'MM/DD/YYYY HH24:MI:SS'));
Insert into FUNZIONE
   (ID_FUNZIONE, DESCRIZIONE, URL, FLG_LINKABLE, VERSIONE, UTENTE_INSERIMENTO, DATA_INSERIMENTO, UTENTE_AGGIORNAMENTO, DATA_AGGIORNAMENTO)
 Values
   (15, 'Nuovo Provvedimento', '/private/provvedimenti/ricerca/nuovo', '1', 0, 'ADMIN', TO_DATE('04/14/2014 00:00:00', 'MM/DD/YYYY HH24:MI:SS'), 'ADMIN', TO_DATE('04/14/2014 00:00:00', 'MM/DD/YYYY HH24:MI:SS'));
Insert into FUNZIONE
   (ID_FUNZIONE, DESCRIZIONE, URL, FLG_LINKABLE, VERSIONE, UTENTE_INSERIMENTO, DATA_INSERIMENTO, UTENTE_AGGIORNAMENTO, DATA_AGGIORNAMENTO)
 Values
   (16, 'Modifica Provvedimento', '/private/provvedimenti/ricerca/modifica', '1', 0, 'ADMIN', TO_DATE('04/14/2014 00:00:00', 'MM/DD/YYYY HH24:MI:SS'), 'ADMIN', TO_DATE('04/14/2014 00:00:00', 'MM/DD/YYYY HH24:MI:SS'));
Insert into FUNZIONE
   (ID_FUNZIONE, DESCRIZIONE, URL, FLG_LINKABLE, VERSIONE, UTENTE_INSERIMENTO, DATA_INSERIMENTO, UTENTE_AGGIORNAMENTO, DATA_AGGIORNAMENTO)
 Values
   (17, 'Dettaglio organo', '/private/admin/enti/dettaglio', '1', 0, 'ADMIN', TO_DATE('04/14/2014 00:00:00', 'MM/DD/YYYY HH24:MI:SS'), 'ADMIN', TO_DATE('04/14/2014 00:00:00', 'MM/DD/YYYY HH24:MI:SS'));
Insert into FUNZIONE
   (ID_FUNZIONE, DESCRIZIONE, URL, FLG_LINKABLE, VERSIONE, UTENTE_INSERIMENTO, DATA_INSERIMENTO, UTENTE_AGGIORNAMENTO, DATA_AGGIORNAMENTO)
 Values
   (18, 'Dettaglio utente', '/private/admin/utenti/dettaglio', '1', 0, 'ADMIN', TO_DATE('04/14/2014 00:00:00', 'MM/DD/YYYY HH24:MI:SS'), 'ADMIN', TO_DATE('04/14/2014 00:00:00', 'MM/DD/YYYY HH24:MI:SS'));
Insert into FUNZIONE
   (ID_FUNZIONE, DESCRIZIONE, URL, FLG_LINKABLE, VERSIONE, UTENTE_INSERIMENTO, DATA_INSERIMENTO, UTENTE_AGGIORNAMENTO, DATA_AGGIORNAMENTO)
 Values
   (19, 'Note e allegati', '/private/provvedimenti/ricerca/noteAllegatiProv', '1', 0, 'ADMIN', TO_DATE('04/14/2014 00:00:00', 'MM/DD/YYYY HH24:MI:SS'), 'ADMIN', TO_DATE('04/14/2014 00:00:00', 'MM/DD/YYYY HH24:MI:SS'));
Insert into FUNZIONE
   (ID_FUNZIONE, DESCRIZIONE, URL, FLG_LINKABLE, VERSIONE, UTENTE_INSERIMENTO, DATA_INSERIMENTO, UTENTE_AGGIORNAMENTO, DATA_AGGIORNAMENTO)
 Values
   (20, 'Funzione di servizio', '/private/provvedimenti/motivazionerifiuto', '0', 0, 'ADMIN', TO_DATE('10/14/2014 00:00:00', 'MM/DD/YYYY HH24:MI:SS'), 'ADMIN', TO_DATE('04/14/2014 00:00:00', 'MM/DD/YYYY HH24:MI:SS'));
Insert into FUNZIONE
   (ID_FUNZIONE, DESCRIZIONE, URL, FLG_LINKABLE, VERSIONE, UTENTE_INSERIMENTO, DATA_INSERIMENTO, UTENTE_AGGIORNAMENTO, DATA_AGGIORNAMENTO)
 Values
   (21, 'Funzione di servizio', '/private/provvedimenti/esportaxls', '0', 0, 'ADMIN', TO_DATE('10/14/2014 00:00:00', 'MM/DD/YYYY HH24:MI:SS'), 'ADMIN', TO_DATE('04/14/2014 00:00:00', 'MM/DD/YYYY HH24:MI:SS'));
Insert into FUNZIONE
   (ID_FUNZIONE, DESCRIZIONE, URL, FLG_LINKABLE, VERSIONE, UTENTE_INSERIMENTO, DATA_INSERIMENTO, UTENTE_AGGIORNAMENTO, DATA_AGGIORNAMENTO)
 Values
   (22, 'Funzione di servizio', '/private/provvedimenti/ricerca/addAssegnatario', '0', 0, 'ADMIN', TO_DATE('10/14/2014 00:00:00', 'MM/DD/YYYY HH24:MI:SS'), 'ADMIN', TO_DATE('04/14/2014 00:00:00', 'MM/DD/YYYY HH24:MI:SS'));
Insert into FUNZIONE
   (ID_FUNZIONE, DESCRIZIONE, URL, FLG_LINKABLE, VERSIONE, UTENTE_INSERIMENTO, DATA_INSERIMENTO, UTENTE_AGGIORNAMENTO, DATA_AGGIORNAMENTO)
 Values
   (23, 'Funzione di servizio', '/private/provvedimenti/ricerca/autocomplateutentemail', '0', 0, 'ADMIN', TO_DATE('10/14/2014 00:00:00', 'MM/DD/YYYY HH24:MI:SS'), 'ADMIN', TO_DATE('04/14/2014 00:00:00', 'MM/DD/YYYY HH24:MI:SS'));
Insert into FUNZIONE
   (ID_FUNZIONE, DESCRIZIONE, URL, FLG_LINKABLE, VERSIONE, UTENTE_INSERIMENTO, DATA_INSERIMENTO, UTENTE_AGGIORNAMENTO, DATA_AGGIORNAMENTO)
 Values
   (24, 'Funzione di servizio', '/private/provvedimenti/ricerca/dettaglio/modalCronologia', '0', 0, 'ADMIN', TO_DATE('10/14/2014 00:00:00', 'MM/DD/YYYY HH24:MI:SS'), 'ADMIN', TO_DATE('04/14/2014 00:00:00', 'MM/DD/YYYY HH24:MI:SS'));
Insert into FUNZIONE
   (ID_FUNZIONE, DESCRIZIONE, URL, FLG_LINKABLE, VERSIONE, UTENTE_INSERIMENTO, DATA_INSERIMENTO, UTENTE_AGGIORNAMENTO, DATA_AGGIORNAMENTO)
 Values
   (25, 'Funzione di servizio', '/private/provvedimenti/ricerca/dettaglio/salvaeinvianotifica', '0', 0, 'ADMIN', TO_DATE('10/14/2014 00:00:00', 'MM/DD/YYYY HH24:MI:SS'), 'ADMIN', TO_DATE('04/14/2014 00:00:00', 'MM/DD/YYYY HH24:MI:SS'));
Insert into FUNZIONE
   (ID_FUNZIONE, DESCRIZIONE, URL, FLG_LINKABLE, VERSIONE, UTENTE_INSERIMENTO, DATA_INSERIMENTO, UTENTE_AGGIORNAMENTO, DATA_AGGIORNAMENTO)
 Values
   (26, 'Funzione di servizio', '/private/provvedimenti/ricerca/downloadAllegato', '0', 0, 'ADMIN', TO_DATE('10/14/2014 00:00:00', 'MM/DD/YYYY HH24:MI:SS'), 'ADMIN', TO_DATE('04/14/2014 00:00:00', 'MM/DD/YYYY HH24:MI:SS'));
Insert into FUNZIONE
   (ID_FUNZIONE, DESCRIZIONE, URL, FLG_LINKABLE, VERSIONE, UTENTE_INSERIMENTO, DATA_INSERIMENTO, UTENTE_AGGIORNAMENTO, DATA_AGGIORNAMENTO)
 Values
   (27, 'Funzione di servizio', '/private/provvedimenti/ricerca/modifica/inserisciAllegato', '0', 0, 'ADMIN', TO_DATE('10/14/2014 00:00:00', 'MM/DD/YYYY HH24:MI:SS'), 'ADMIN', TO_DATE('04/14/2014 00:00:00', 'MM/DD/YYYY HH24:MI:SS'));
Insert into FUNZIONE
   (ID_FUNZIONE, DESCRIZIONE, URL, FLG_LINKABLE, VERSIONE, UTENTE_INSERIMENTO, DATA_INSERIMENTO, UTENTE_AGGIORNAMENTO, DATA_AGGIORNAMENTO)
 Values
   (28, 'Funzione di servizio', '/private/provvedimenti/ricerca/noteAllegatiProv/inserisciAllegato', '0', 0, 'ADMIN', TO_DATE('10/14/2014 00:00:00', 'MM/DD/YYYY HH24:MI:SS'), 'ADMIN', TO_DATE('04/14/2014 00:00:00', 'MM/DD/YYYY HH24:MI:SS'));
Insert into FUNZIONE
   (ID_FUNZIONE, DESCRIZIONE, URL, FLG_LINKABLE, VERSIONE, UTENTE_INSERIMENTO, DATA_INSERIMENTO, UTENTE_AGGIORNAMENTO, DATA_AGGIORNAMENTO)
 Values
   (29, 'Funzione di servizio', '/private/provvedimenti/ricerca/noteAllegatiProv/deleteAllegato', '0', 0, 'ADMIN', TO_DATE('10/14/2014 00:00:00', 'MM/DD/YYYY HH24:MI:SS'), 'ADMIN', TO_DATE('04/14/2014 00:00:00', 'MM/DD/YYYY HH24:MI:SS'));
Insert into FUNZIONE
   (ID_FUNZIONE, DESCRIZIONE, URL, FLG_LINKABLE, VERSIONE, UTENTE_INSERIMENTO, DATA_INSERIMENTO, UTENTE_AGGIORNAMENTO, DATA_AGGIORNAMENTO)
 Values
   (30, 'Funzione di servizio', '/private/provvedimenti/ricerca/deleteAssegnatario', '0', 0, 'ADMIN', TO_DATE('10/14/2014 00:00:00', 'MM/DD/YYYY HH24:MI:SS'), 'ADMIN', TO_DATE('04/14/2014 00:00:00', 'MM/DD/YYYY HH24:MI:SS'));
Insert into FUNZIONE
   (ID_FUNZIONE, DESCRIZIONE, URL, FLG_LINKABLE, VERSIONE, UTENTE_INSERIMENTO, DATA_INSERIMENTO, UTENTE_AGGIORNAMENTO, DATA_AGGIORNAMENTO)
 Values
   (31, 'Funzione di servizio', '/private/provvedimenti/ricerca/inserisciAssegnatario', '0', 0, 'ADMIN', TO_DATE('10/14/2014 00:00:00', 'MM/DD/YYYY HH24:MI:SS'), 'ADMIN', TO_DATE('04/14/2014 00:00:00', 'MM/DD/YYYY HH24:MI:SS'));


Insert into RUOLO_FUNZIONE
   (ID_RUOLO_FUNZIONE, ID_RUOLO, ID_FUNZIONE, VERSIONE, UTENTE_INSERIMENTO, DATA_INSERIMENTO, UTENTE_AGGIORNAMENTO, DATA_AGGIORNAMENTO)
 Values
   (3, 3, 20, 0, 'ADMIN', TO_DATE('11/03/2014 00:00:00', 'MM/DD/YYYY HH24:MI:SS'), 'ADMIN', TO_DATE('11/03/2014 00:00:00', 'MM/DD/YYYY HH24:MI:SS'));
Insert into RUOLO_FUNZIONE
   (ID_RUOLO_FUNZIONE, ID_RUOLO, ID_FUNZIONE, VERSIONE, UTENTE_INSERIMENTO, DATA_INSERIMENTO, UTENTE_AGGIORNAMENTO, DATA_AGGIORNAMENTO)
 Values
   (1, 1, 1, 0, 'ADMIN', TO_DATE('11/03/2014 17:53:07', 'MM/DD/YYYY HH24:MI:SS'), 'ADMIN', TO_DATE('11/03/2014 17:53:07', 'MM/DD/YYYY HH24:MI:SS'));
Insert into RUOLO_FUNZIONE
   (ID_RUOLO_FUNZIONE, ID_RUOLO, ID_FUNZIONE, VERSIONE, UTENTE_INSERIMENTO, DATA_INSERIMENTO, UTENTE_AGGIORNAMENTO, DATA_AGGIORNAMENTO)
 Values
   (2, 2, 2, 0, 'ADMIN', TO_DATE('11/03/2014 17:53:07', 'MM/DD/YYYY HH24:MI:SS'), 'ADMIN', TO_DATE('11/03/2014 17:53:07', 'MM/DD/YYYY HH24:MI:SS'));
Insert into RUOLO_FUNZIONE
   (ID_RUOLO_FUNZIONE, ID_RUOLO, ID_FUNZIONE, VERSIONE, UTENTE_INSERIMENTO, DATA_INSERIMENTO, UTENTE_AGGIORNAMENTO, DATA_AGGIORNAMENTO)
 Values
   (22, 4, 7, 0, 'ADMIN', TO_DATE('11/03/2014 00:00:00', 'MM/DD/YYYY HH24:MI:SS'), 'ADMIN', TO_DATE('11/03/2014 00:00:00', 'MM/DD/YYYY HH24:MI:SS'));
Insert into RUOLO_FUNZIONE
   (ID_RUOLO_FUNZIONE, ID_RUOLO, ID_FUNZIONE, VERSIONE, UTENTE_INSERIMENTO, DATA_INSERIMENTO, UTENTE_AGGIORNAMENTO, DATA_AGGIORNAMENTO)
 Values
   (23, 5, 6, 0, 'ADMIN', TO_DATE('11/03/2014 00:00:00', 'MM/DD/YYYY HH24:MI:SS'), 'ADMIN', TO_DATE('11/03/2014 00:00:00', 'MM/DD/YYYY HH24:MI:SS'));
Insert into RUOLO_FUNZIONE
   (ID_RUOLO_FUNZIONE, ID_RUOLO, ID_FUNZIONE, VERSIONE, UTENTE_INSERIMENTO, DATA_INSERIMENTO, UTENTE_AGGIORNAMENTO, DATA_AGGIORNAMENTO)
 Values
   (4, 3, 21, 0, 'ADMIN', TO_DATE('11/03/2014 00:00:00', 'MM/DD/YYYY HH24:MI:SS'), 'ADMIN', TO_DATE('11/03/2014 00:00:00', 'MM/DD/YYYY HH24:MI:SS'));
Insert into RUOLO_FUNZIONE
   (ID_RUOLO_FUNZIONE, ID_RUOLO, ID_FUNZIONE, VERSIONE, UTENTE_INSERIMENTO, DATA_INSERIMENTO, UTENTE_AGGIORNAMENTO, DATA_AGGIORNAMENTO)
 Values
   (5, 3, 22, 0, 'ADMIN', TO_DATE('11/03/2014 00:00:00', 'MM/DD/YYYY HH24:MI:SS'), 'ADMIN', TO_DATE('11/03/2014 00:00:00', 'MM/DD/YYYY HH24:MI:SS'));
Insert into RUOLO_FUNZIONE
   (ID_RUOLO_FUNZIONE, ID_RUOLO, ID_FUNZIONE, VERSIONE, UTENTE_INSERIMENTO, DATA_INSERIMENTO, UTENTE_AGGIORNAMENTO, DATA_AGGIORNAMENTO)
 Values
   (6, 3, 23, 0, 'ADMIN', TO_DATE('11/03/2014 00:00:00', 'MM/DD/YYYY HH24:MI:SS'), 'ADMIN', TO_DATE('11/03/2014 00:00:00', 'MM/DD/YYYY HH24:MI:SS'));
Insert into RUOLO_FUNZIONE
   (ID_RUOLO_FUNZIONE, ID_RUOLO, ID_FUNZIONE, VERSIONE, UTENTE_INSERIMENTO, DATA_INSERIMENTO, UTENTE_AGGIORNAMENTO, DATA_AGGIORNAMENTO)
 Values
   (7, 3, 24, 0, 'ADMIN', TO_DATE('11/03/2014 00:00:00', 'MM/DD/YYYY HH24:MI:SS'), 'ADMIN', TO_DATE('11/03/2014 00:00:00', 'MM/DD/YYYY HH24:MI:SS'));
Insert into RUOLO_FUNZIONE
   (ID_RUOLO_FUNZIONE, ID_RUOLO, ID_FUNZIONE, VERSIONE, UTENTE_INSERIMENTO, DATA_INSERIMENTO, UTENTE_AGGIORNAMENTO, DATA_AGGIORNAMENTO)
 Values
   (8, 3, 25, 0, 'ADMIN', TO_DATE('11/03/2014 00:00:00', 'MM/DD/YYYY HH24:MI:SS'), 'ADMIN', TO_DATE('11/03/2014 00:00:00', 'MM/DD/YYYY HH24:MI:SS'));
Insert into RUOLO_FUNZIONE
   (ID_RUOLO_FUNZIONE, ID_RUOLO, ID_FUNZIONE, VERSIONE, UTENTE_INSERIMENTO, DATA_INSERIMENTO, UTENTE_AGGIORNAMENTO, DATA_AGGIORNAMENTO)
 Values
   (9, 3, 26, 0, 'ADMIN', TO_DATE('11/03/2014 00:00:00', 'MM/DD/YYYY HH24:MI:SS'), 'ADMIN', TO_DATE('11/03/2014 00:00:00', 'MM/DD/YYYY HH24:MI:SS'));
Insert into RUOLO_FUNZIONE
   (ID_RUOLO_FUNZIONE, ID_RUOLO, ID_FUNZIONE, VERSIONE, UTENTE_INSERIMENTO, DATA_INSERIMENTO, UTENTE_AGGIORNAMENTO, DATA_AGGIORNAMENTO)
 Values
   (10, 3, 27, 0, 'ADMIN', TO_DATE('11/03/2014 00:00:00', 'MM/DD/YYYY HH24:MI:SS'), 'ADMIN', TO_DATE('11/03/2014 00:00:00', 'MM/DD/YYYY HH24:MI:SS'));
Insert into RUOLO_FUNZIONE
   (ID_RUOLO_FUNZIONE, ID_RUOLO, ID_FUNZIONE, VERSIONE, UTENTE_INSERIMENTO, DATA_INSERIMENTO, UTENTE_AGGIORNAMENTO, DATA_AGGIORNAMENTO)
 Values
   (11, 3, 28, 0, 'ADMIN', TO_DATE('11/03/2014 00:00:00', 'MM/DD/YYYY HH24:MI:SS'), 'ADMIN', TO_DATE('11/03/2014 00:00:00', 'MM/DD/YYYY HH24:MI:SS'));
Insert into RUOLO_FUNZIONE
   (ID_RUOLO_FUNZIONE, ID_RUOLO, ID_FUNZIONE, VERSIONE, UTENTE_INSERIMENTO, DATA_INSERIMENTO, UTENTE_AGGIORNAMENTO, DATA_AGGIORNAMENTO)
 Values
   (12, 3, 29, 0, 'ADMIN', TO_DATE('11/03/2014 00:00:00', 'MM/DD/YYYY HH24:MI:SS'), 'ADMIN', TO_DATE('11/03/2014 00:00:00', 'MM/DD/YYYY HH24:MI:SS'));
Insert into RUOLO_FUNZIONE
   (ID_RUOLO_FUNZIONE, ID_RUOLO, ID_FUNZIONE, VERSIONE, UTENTE_INSERIMENTO, DATA_INSERIMENTO, UTENTE_AGGIORNAMENTO, DATA_AGGIORNAMENTO)
 Values
   (13, 3, 30, 0, 'ADMIN', TO_DATE('11/03/2014 00:00:00', 'MM/DD/YYYY HH24:MI:SS'), 'ADMIN', TO_DATE('11/03/2014 00:00:00', 'MM/DD/YYYY HH24:MI:SS'));
Insert into RUOLO_FUNZIONE
   (ID_RUOLO_FUNZIONE, ID_RUOLO, ID_FUNZIONE, VERSIONE, UTENTE_INSERIMENTO, DATA_INSERIMENTO, UTENTE_AGGIORNAMENTO, DATA_AGGIORNAMENTO)
 Values
   (14, 3, 31, 0, 'ADMIN', TO_DATE('11/03/2014 00:00:00', 'MM/DD/YYYY HH24:MI:SS'), 'ADMIN', TO_DATE('11/03/2014 00:00:00', 'MM/DD/YYYY HH24:MI:SS'));
Insert into RUOLO_FUNZIONE
   (ID_RUOLO_FUNZIONE, ID_RUOLO, ID_FUNZIONE, VERSIONE, UTENTE_INSERIMENTO, DATA_INSERIMENTO, UTENTE_AGGIORNAMENTO, DATA_AGGIORNAMENTO)
 Values
   (15, 3, 8, 0, 'ADMIN', TO_DATE('11/03/2014 00:00:00', 'MM/DD/YYYY HH24:MI:SS'), 'ADMIN', TO_DATE('11/03/2014 00:00:00', 'MM/DD/YYYY HH24:MI:SS'));
Insert into RUOLO_FUNZIONE
   (ID_RUOLO_FUNZIONE, ID_RUOLO, ID_FUNZIONE, VERSIONE, UTENTE_INSERIMENTO, DATA_INSERIMENTO, UTENTE_AGGIORNAMENTO, DATA_AGGIORNAMENTO)
 Values
   (16, 3, 15, 0, 'ADMIN', TO_DATE('11/03/2014 00:00:00', 'MM/DD/YYYY HH24:MI:SS'), 'ADMIN', TO_DATE('11/03/2014 00:00:00', 'MM/DD/YYYY HH24:MI:SS'));
Insert into RUOLO_FUNZIONE
   (ID_RUOLO_FUNZIONE, ID_RUOLO, ID_FUNZIONE, VERSIONE, UTENTE_INSERIMENTO, DATA_INSERIMENTO, UTENTE_AGGIORNAMENTO, DATA_AGGIORNAMENTO)
 Values
   (17, 3, 6, 0, 'ADMIN', TO_DATE('11/03/2014 00:00:00', 'MM/DD/YYYY HH24:MI:SS'), 'ADMIN', TO_DATE('11/03/2014 00:00:00', 'MM/DD/YYYY HH24:MI:SS'));
Insert into RUOLO_FUNZIONE
   (ID_RUOLO_FUNZIONE, ID_RUOLO, ID_FUNZIONE, VERSIONE, UTENTE_INSERIMENTO, DATA_INSERIMENTO, UTENTE_AGGIORNAMENTO, DATA_AGGIORNAMENTO)
 Values
   (18, 3, 7, 0, 'ADMIN', TO_DATE('11/03/2014 00:00:00', 'MM/DD/YYYY HH24:MI:SS'), 'ADMIN', TO_DATE('11/03/2014 00:00:00', 'MM/DD/YYYY HH24:MI:SS'));
Insert into RUOLO_FUNZIONE
   (ID_RUOLO_FUNZIONE, ID_RUOLO, ID_FUNZIONE, VERSIONE, UTENTE_INSERIMENTO, DATA_INSERIMENTO, UTENTE_AGGIORNAMENTO, DATA_AGGIORNAMENTO)
 Values
   (19, 3, 16, 0, 'ADMIN', TO_DATE('11/03/2014 00:00:00', 'MM/DD/YYYY HH24:MI:SS'), 'ADMIN', TO_DATE('11/03/2014 00:00:00', 'MM/DD/YYYY HH24:MI:SS'));
Insert into RUOLO_FUNZIONE
   (ID_RUOLO_FUNZIONE, ID_RUOLO, ID_FUNZIONE, VERSIONE, UTENTE_INSERIMENTO, DATA_INSERIMENTO, UTENTE_AGGIORNAMENTO, DATA_AGGIORNAMENTO)
 Values
   (20, 3, 19, 0, 'ADMIN', TO_DATE('11/03/2014 00:00:00', 'MM/DD/YYYY HH24:MI:SS'), 'ADMIN', TO_DATE('11/03/2014 00:00:00', 'MM/DD/YYYY HH24:MI:SS'));
Insert into RUOLO_FUNZIONE
   (ID_RUOLO_FUNZIONE, ID_RUOLO, ID_FUNZIONE, VERSIONE, UTENTE_INSERIMENTO, DATA_INSERIMENTO, UTENTE_AGGIORNAMENTO, DATA_AGGIORNAMENTO)
 Values
   (21, 4, 6, 0, 'ADMIN', TO_DATE('11/03/2014 00:00:00', 'MM/DD/YYYY HH24:MI:SS'), 'ADMIN', TO_DATE('11/03/2014 00:00:00', 'MM/DD/YYYY HH24:MI:SS'));



COMMIT;



--------------------------------------------------------------------------
------------------ FOREIGN KEYS ------------------------------------------
-------------------------------------------------------------------------- 

ALTER TABLE UTENTE ADD (
  CONSTRAINT UTENTE_ORGANO_FK 
 FOREIGN KEY (ID_ORGANO) 
 REFERENCES ORGANO (ID_ORGANO));

ALTER TABLE NOTIFICA ADD (
  CONSTRAINT NOTIFICA_ORGANO_DEST_FK 
 FOREIGN KEY (ID_ORGANO_DESTINATARIO) 
 REFERENCES ORGANO (ID_ORGANO),
  CONSTRAINT NOTIFICA_UTENTE_DEST_FK 
 FOREIGN KEY (ID_UTENTE_DESTINATARIO) 
 REFERENCES UTENTE (ID_UTENTE),
  CONSTRAINT NOTIFICA_UTENTE_MITT_FK 
 FOREIGN KEY (ID_UTENTE_MITTORGANO) 
 REFERENCES UTENTE (ID_UTENTE));

ALTER TABLE RUOLO_UTENTE ADD (
  CONSTRAINT RU_UTENTE_FK 
 FOREIGN KEY (ID_UTENTE) 
 REFERENCES UTENTE (ID_UTENTE),
  CONSTRAINT RU_RUOLO_FK 
 FOREIGN KEY (ID_RUOLO) 
 REFERENCES RUOLO (ID_RUOLO));

ALTER TABLE MENU ADD (
  CONSTRAINT MENU_FUNZIONE_FK 
 FOREIGN KEY (ID_FUNZIONE) 
 REFERENCES FUNZIONE (ID_FUNZIONE),
  CONSTRAINT MENU_MENU_FK 
 FOREIGN KEY (ID_PARENT_MENU) 
 REFERENCES MENU (ID_MENU));

ALTER TABLE RUOLO_FUNZIONE ADD (
  CONSTRAINT RF_RUOLO_FK 
 FOREIGN KEY (ID_RUOLO) 
 REFERENCES RUOLO (ID_RUOLO),
  CONSTRAINT RF_FUNZIONE_FK 
 FOREIGN KEY (ID_FUNZIONE) 
 REFERENCES FUNZIONE (ID_FUNZIONE));

ALTER TABLE PROVVEDIMENTO ADD (
  CONSTRAINT PROVV_ORGANO_FK3 
 FOREIGN KEY (ID_ORGANO_CONCERTANTE) 
 REFERENCES ORGANO (ID_ORGANO),
  CONSTRAINT PROVV_GOVERNO_FK1 
 FOREIGN KEY (ID_GOVERNO) 
 REFERENCES GOVERNO (ID_GOVERNO),
  CONSTRAINT PROVV_TIPO_ATTO_FK 
 FOREIGN KEY (ID_TIPO_ATTO) 
 REFERENCES TIPO_ATTO (ID_TIPO_ATTO),
  CONSTRAINT PROVV_TIPO_PROVV_FK 
 FOREIGN KEY (ID_TIPO_PROVVEDIMENTO) 
 REFERENCES TIPO_PROVVEDIMENTO (ID_TIPO_PROVVEDIMENTO),
  CONSTRAINT PROVV_STATO_FK 
 FOREIGN KEY (ID_STATO) 
 REFERENCES STATO (ID_STATO),
  CONSTRAINT PROVV_ORGANO_FK1 
 FOREIGN KEY (ID_ORGANO_INSERITORE) 
 REFERENCES ORGANO (ID_ORGANO),
  CONSTRAINT PROVV_ORGANO_FK2 
 FOREIGN KEY (ID_ORGANO_CAPOFILA) 
 REFERENCES ORGANO (ID_ORGANO));

ALTER TABLE ASSEGNAZIONE ADD (
  CONSTRAINT ASSEGNAZIONE_PROVV_FK 
 FOREIGN KEY (ID_PROVVEDIMENTO) 
 REFERENCES PROVVEDIMENTO (ID_PROVVEDIMENTO),
  CONSTRAINT ASSEGNAZIONE_ORGANO_FK 
 FOREIGN KEY (ID_ORGANO) 
 REFERENCES ORGANO (ID_ORGANO),
  CONSTRAINT ASSEGNAZIONE_STATO_FK 
 FOREIGN KEY (ID_STATO) 
 REFERENCES STATO (ID_STATO));

ALTER TABLE NOTA ADD (
  CONSTRAINT NOTA_ASSEGNAZIONE_FK 
 FOREIGN KEY (ID_ASSEGNAZIONE) 
 REFERENCES ASSEGNAZIONE (ID_ASSEGNAZIONE));

ALTER TABLE ALLEGATO ADD (
  CONSTRAINT ALLEGATO_ASSEGNAZIONE_FK 
 FOREIGN KEY (ID_ASSEGNAZIONE) 
 REFERENCES ASSEGNAZIONE (ID_ASSEGNAZIONE),
  CONSTRAINT ALLEGATO_PROVVEDIMENTO_FK 
 FOREIGN KEY (ID_PROVVEDIMENTO) 
 REFERENCES PROVVEDIMENTO (ID_PROVVEDIMENTO));

ALTER TABLE PROVVEDIMENTI_PARENT ADD (
  CONSTRAINT PROVVEDIMENTI_PARENT_FK 
 FOREIGN KEY (ID_PROVVEDIMENTO) 
 REFERENCES PROVVEDIMENTO (ID_PROVVEDIMENTO),
  CONSTRAINT PROVVEDIMENTI_COLLEGATO_FK 
 FOREIGN KEY (ID_PROVVEDIMENTO_COLLEGATO) 
 REFERENCES PROVVEDIMENTO (ID_PROVVEDIMENTO));

-------------------------------------------------------------------------------
------------- SEQUENNCES ------------------------------------------------------
-------------------------------------------------------------------------------

CREATE SEQUENCE SEQU_ID_ALLEGATO
  START WITH 1
  MAXVALUE 99999999999999999999999
  MINVALUE 1
  NOCYCLE
  CACHE 20
  NOORDER;



CREATE SEQUENCE SEQU_ID_ASSEGNAZIONE
  START WITH 1
  MAXVALUE 99999999999999999999999
  MINVALUE 1
  NOCYCLE
  CACHE 20
  NOORDER;



CREATE SEQUENCE SEQU_ID_EMAIL_EXTRA
  START WITH 1
  MAXVALUE 99999999999999999999999
  MINVALUE 1
  NOCYCLE
  CACHE 20
  NOORDER;



CREATE SEQUENCE SEQU_ID_NOTA
  START WITH 1
  MAXVALUE 99999999999999999999999
  MINVALUE 1
  NOCYCLE
  CACHE 20
  NOORDER;



CREATE SEQUENCE SEQU_ID_NOTIFICA
  START WITH 1
  MAXVALUE 99999999999999999999999
  MINVALUE 1
  NOCYCLE
  CACHE 20
  NOORDER;



CREATE SEQUENCE SEQU_ID_ORGANO
  START WITH 1
  MAXVALUE 99999999999999999999999
  MINVALUE 1
  NOCYCLE
  CACHE 20
  NOORDER;




CREATE SEQUENCE SEQU_ID_PROVVEDIMENTI_PARENT
  START WITH 1
  MAXVALUE 99999999999999999999999
  MINVALUE 1
  NOCYCLE
  CACHE 20
  NOORDER;



CREATE SEQUENCE SEQU_ID_PROVVEDIMENTO
  START WITH 1
  MAXVALUE 99999999999999999999999
  MINVALUE 1
  NOCYCLE
  CACHE 20
  NOORDER;



CREATE SEQUENCE SEQU_ID_RUOLO_FUNZIONE
  START WITH 1
  MAXVALUE 99999999999999999999999
  MINVALUE 1
  NOCYCLE
  CACHE 20
  NOORDER;



CREATE SEQUENCE SEQU_ID_RUOLO_UTENTE
  START WITH 1
  MAXVALUE 99999999999999999999999
  MINVALUE 1
  NOCYCLE
  CACHE 20
  NOORDER;



CREATE SEQUENCE SEQU_ID_STATO
  START WITH 1
  MAXVALUE 99999999999999999999999
  MINVALUE 1
  NOCYCLE
  CACHE 20
  NOORDER;


CREATE SEQUENCE SEQU_ID_STORICO
  START WITH 1
  MAXVALUE 99999999999999999999999
  MINVALUE 1
  NOCYCLE
  CACHE 20
  NOORDER;



CREATE SEQUENCE SEQU_ID_UTENTE
  START WITH 1
  MAXVALUE 99999999999999999999999
  MINVALUE 1
  NOCYCLE
  CACHE 20
  NOORDER;



-------------- UTENTE AMMINISTRAORE -------------------------------------------

Insert into UNITA_ORG_ASTAGE
   (CONTATORE, LIVELLO, ORGANIZATION_ID, NOME, NOME_ESTESO, 
    PROVINCIA, REGIONE, ORG_ID_LIV1, NOME_ORG_LIV1, ORG_ID_LIV2, 
    NOME_ORG_LIV2, ORG_ID_LIV3, NOME_ORG_LIV3, ORG_ID_LIV4, NOME_ORG_LIV4, 
    ORG_ID_LIV5, NOME_ORG_LIV5, ORG_ID_LIV6, NOME_ORG_LIV6, NOTE, 
    CENTR_PERIF, INIZIO_VALIDITA, FINE_VALIDITA, VERSIONE, UTENTE_INSERIMENTO, 
    DATA_INSERIMENTO, UTENTE_AGGIORNAMENTO, DATA_AGGIORNAMENTO, FLAG_FISSO)
 Values
   (1, 1, 847, 'MINISTERO DELL''ECONOMIA E DELLE FINANZE', 'MINISTERO DELL''ECONOMIA E DELLE FINANZE', 
    'ROMA', 'LAZIO', 847, 'MINISTERO DELL''ECONOMIA E DELLE FINANZE', NULL, 
    NULL, NULL, NULL, NULL, NULL, 
    NULL, NULL, NULL, NULL, NULL, 
    'C', TO_DATE('06/30/1998 00:00:00', 'MM/DD/YYYY HH24:MI:SS'), NULL, 0, 'BATCH ETL', 
    TO_DATE('10/27/2014 14:54:52', 'MM/DD/YYYY HH24:MI:SS'), 'BATCH ETL', TO_DATE('10/27/2014 14:54:52', 'MM/DD/YYYY HH24:MI:SS'), 'N');
    
Insert into ORGANO
   (ID_ORGANO, DENOMINAZIONE, DENOMINAZIONE_ESTESA, VERSIONE, UTENTE_INSERIMENTO, 
    DATA_INSERIMENTO, UTENTE_AGGIORNAMENTO, DATA_AGGIORNAMENTO, FLAG_CONCERTANTE, ORGANIZATION_ID, 
    FLAG_ATTIVO)
 Values
   (SEQU_ID_ORGANO.NEXTVAL, 'MINISTERO DELL''ECONOMIA E DELLE FINANZE', 'MINISTERO DELL''ECONOMIA E DELLE FINANZE', 0, 'ADMIN', 
    TO_DATE('11/17/2014 00:00:00', 'MM/DD/YYYY HH24:MI:SS'), 'ADMIN', TO_DATE('11/17/2014 00:00:00', 'MM/DD/YYYY HH24:MI:SS'), 'N', 847, 
    'S');
    

Insert into UTENTE
   (ID_UTENTE, COGNOME, NOME, CODICE_FISCALE, EMAIL, 
    FLAG_INT_EST, ID_ORGANO, ID_UTENTE_ASTAGE, VERSIONE, UTENTE_INSERIMENTO, 
    DATA_INSERIMENTO, UTENTE_AGGIORNAMENTO, DATA_AGGIORNAMENTO, FLAG_ATTIVO, SESSO, 
    DATA_NASCITA)
 Values
   (SEQU_ID_UTENTE.NEXTVAL, 'AMMINISTRATORE', 'DEL SISTEMA', 'MMNDSS80A01H501T', 'amministratore@monitoraggioprovvedimenti.it', 
    'I', (SELECT ID_ORGANO FROM ORGANO WHERE ORGANIZATION_ID = 847), NULL, 0, 'ADMIN', 
    TO_DATE('11/17/2014 00:00:00', 'MM/DD/YYYY HH24:MI:SS'), 'ADMIN', TO_DATE('11/17/2014 00:00:00', 'MM/DD/YYYY HH24:MI:SS'), 'S', 'M', 
    TO_DATE('01/01/1980 00:00:00', 'MM/DD/YYYY HH24:MI:SS'));

Insert into RUOLO_UTENTE
   (ID_RUOLO_UTENTE, ID_UTENTE, ID_RUOLO, VERSIONE, UTENTE_INSERIMENTO, 
    DATA_INSERIMENTO, UTENTE_AGGIORNAMENTO, DATA_AGGIORNAMENTO)
 Values
   (SEQU_ID_RUOLO_UTENTE.NEXTVAL, (SELECT ID_UTENTE FROM UTENTE WHERE CODICE_FISCALE= 'MMNDSS80A01H501T'), 1, 0, 'ADMIN', 
    TO_DATE('11/17/2014 00:00:00', 'MM/DD/YYYY HH24:MI:SS'), 'ADMIN', TO_DATE('11/17/2014 00:00:00', 'MM/DD/YYYY HH24:MI:SS'));
Insert into RUOLO_UTENTE
   (ID_RUOLO_UTENTE, ID_UTENTE, ID_RUOLO, VERSIONE, UTENTE_INSERIMENTO, 
    DATA_INSERIMENTO, UTENTE_AGGIORNAMENTO, DATA_AGGIORNAMENTO)
 Values
   (SEQU_ID_RUOLO_UTENTE.NEXTVAL, (SELECT ID_UTENTE FROM UTENTE WHERE CODICE_FISCALE= 'MMNDSS80A01H501T'), 2, 0, 'ADMIN', 
    TO_DATE('11/17/2014 00:00:00', 'MM/DD/YYYY HH24:MI:SS'), 'ADMIN', TO_DATE('11/17/2014 00:00:00', 'MM/DD/YYYY HH24:MI:SS'));

COMMIT;